product_id,product_name,category,unit_price,unit_cost
P001,Home Product 001,Home,66.04,38.96
P002,Apparel Product 002,Apparel,30.14,14.85
P003,Apparel Product 003,Apparel,36.05,23.53
P004,Footwear Product 004,Footwear,66.5,37.43
P005,Home Product 005,Home,49.25,20.8
P006,Electronics Product 006,Electronics,132.21,57.65
P007,Home Product 007,Home,39.99,24.2
P008,Home Product 008,Home,46.52,20.01
P009,Apparel Product 009,Apparel,37.92,24.06
P010,Footwear Product 010,Footwear,44.59,21.76
P011,Electronics Product 011,Electronics,39.95,20.14
P012,Home Product 012,Home,51.32,22.19
P013,Footwear Product 013,Footwear,12.37,7.51
P014,Footwear Product 014,Footwear,102.77,58.55
P015,Apparel Product 015,Apparel,31.17,13.83
P016,Home Product 016,Home,59.7,38.97
P017,Accessories Product 017,Accessories,18.94,11.69
P018,Accessories Product 018,Accessories,12.14,7.02
P019,Accessories Product 019,Accessories,13.12,5.71
P020,Apparel Product 020,Apparel,30.3,13.12
P021,Home Product 021,Home,51.23,26.07
P022,Footwear Product 022,Footwear,43.57,27.01
P023,Footwear Product 023,Footwear,54.75,25.33
P024,Electronics Product 024,Electronics,84.49,40.25
P025,Apparel Product 025,Apparel,37.52,19.02
P026,Apparel Product 026,Apparel,27.66,12.81
P027,Apparel Product 027,Apparel,12.05,7.06
P028,Electronics Product 028,Electronics,129.35,60.04
P029,Home Product 029,Home,25.98,14.42
P030,Home Product 030,Home,57.05,26.65
P031,Footwear Product 031,Footwear,32.22,17.09
P032,Apparel Product 032,Apparel,17.4,11.52
P033,Electronics Product 033,Electronics,87.02,54.28
P034,Apparel Product 034,Apparel,35.52,17.57
P035,Apparel Product 035,Apparel,23.65,10.4
P036,Apparel Product 036,Apparel,16.55,7.08
P037,Footwear Product 037,Footwear,33.58,22.72
P038,Footwear Product 038,Footwear,64.8,43.16
P039,Home Product 039,Home,31.96,14.69
P040,Apparel Product 040,Apparel,40.11,22.63
P041,Apparel Product 041,Apparel,25.86,17.31
P042,Apparel Product 042,Apparel,41.11,17.3
P043,Apparel Product 043,Apparel,23.06,10.88
P044,Footwear Product 044,Footwear,63.71,41.19
P045,Accessories Product 045,Accessories,30.38,19.41
P046,Footwear Product 046,Footwear,38.99,24.01
P047,Electronics Product 047,Electronics,23.25,13.82
P048,Home Product 048,Home,37.04,22.06
P049,Home Product 049,Home,42.57,27.78
P050,Accessories Product 050,Accessories,19.41,10.7
P051,Accessories Product 051,Accessories,11.22,5.32
P052,Apparel Product 052,Apparel,44.73,24.52
P053,Home Product 053,Home,40.97,17.93
P054,Home Product 054,Home,53.62,30.48
P055,Electronics Product 055,Electronics,69.18,46.55
P056,Apparel Product 056,Apparel,18.69,12.3
P057,Footwear Product 057,Footwear,112.54,68.88
P058,Apparel Product 058,Apparel,47.56,20.25
P059,Footwear Product 059,Footwear,68.57,36.48
P060,Accessories Product 060,Accessories,41.59,19.91
P061,Apparel Product 061,Apparel,33.13,16.44
P062,Apparel Product 062,Apparel,53.16,26.84
P063,Footwear Product 063,Footwear,28.7,18.98
P064,Apparel Product 064,Apparel,16.79,10.34
P065,Apparel Product 065,Apparel,41.82,20.89
P066,Apparel Product 066,Apparel,34.67,23.53
P067,Apparel Product 067,Apparel,46.95,23.54
P068,Apparel Product 068,Apparel,29.23,12.4
P069,Apparel Product 069,Apparel,24.0,11.4
P070,Home Product 070,Home,47.52,30.33
P071,Electronics Product 071,Electronics,141.44,83.2
P072,Accessories Product 072,Accessories,14.56,6.89
P073,Apparel Product 073,Apparel,45.97,20.86
P074,Apparel Product 074,Apparel,32.9,17.37
P075,Accessories Product 075,Accessories,44.36,21.17
P076,Apparel Product 076,Apparel,38.28,23.56
P077,Electronics Product 077,Electronics,144.76,84.91
P078,Footwear Product 078,Footwear,34.46,23.0
P079,Accessories Product 079,Accessories,23.65,15.51
P080,Home Product 080,Home,64.69,40.71
P081,Home Product 081,Home,22.73,14.7
P082,Footwear Product 082,Footwear,34.81,18.37
P083,Home Product 083,Home,30.7,16.97
P084,Accessories Product 084,Accessories,30.69,18.46
P085,Apparel Product 085,Apparel,11.15,6.23
P086,Home Product 086,Home,80.82,34.81
P087,Accessories Product 087,Accessories,29.25,16.67
P088,Apparel Product 088,Apparel,28.36,18.43
P089,Apparel Product 089,Apparel,26.52,13.45
P090,Apparel Product 090,Apparel,55.52,33.13
P091,Apparel Product 091,Apparel,37.89,23.33
P092,Footwear Product 092,Footwear,58.39,38.96
P093,Home Product 093,Home,45.3,21.42
P094,Apparel Product 094,Apparel,17.7,9.86
P095,Footwear Product 095,Footwear,69.05,42.13
P096,Electronics Product 096,Electronics,86.58,58.63
P097,Accessories Product 097,Accessories,20.46,12.44
P098,Footwear Product 098,Footwear,57.37,28.27
P099,Home Product 099,Home,46.77,19.66
P100,Accessories Product 100,Accessories,26.88,13.8
P101,Home Product 101,Home,43.91,28.86
P102,Apparel Product 102,Apparel,56.61,38.01
P103,Footwear Product 103,Footwear,65.04,34.43
P104,Apparel Product 104,Apparel,44.1,19.95
P105,Footwear Product 105,Footwear,73.93,43.94
P106,Footwear Product 106,Footwear,47.23,23.32
P107,Home Product 107,Home,52.87,22.6
P108,Apparel Product 108,Apparel,34.32,14.77
P109,Footwear Product 109,Footwear,81.27,45.96
P110,Footwear Product 110,Footwear,82.9,53.43
P111,Accessories Product 111,Accessories,29.11,16.91
P112,Apparel Product 112,Apparel,35.49,24.0
P113,Home Product 113,Home,35.73,17.89
P114,Accessories Product 114,Accessories,27.37,17.18
P115,Apparel Product 115,Apparel,42.04,26.99
P116,Home Product 116,Home,38.35,19.91
P117,Home Product 117,Home,27.82,17.92
P118,Apparel Product 118,Apparel,22.9,13.06
P119,Apparel Product 119,Apparel,34.08,17.09
P120,Footwear Product 120,Footwear,46.49,28.09
