return_id,order_item_id,order_id,product_id,return_date,return_reason,refund_amount
R000001,OI0000012,O000006,P025,2025-09-10,Changed mind,37.52
R000002,OI0000025,O000016,P083,2025-11-01,Defective,30.7
R000003,OI0000039,O000026,P001,2025-12-20,Wrong size,198.12
R000004,OI0000088,O000060,P042,2025-02-04,Arrived late,41.11
R000005,OI0000092,O000064,P041,2025-11-02,Wrong size,25.86
R000006,OI0000108,O000074,P099,2025-12-03,Arrived late,46.77
R000007,OI0000116,O000080,P070,2025-02-18,Damaged,47.52
R000008,OI0000128,O000088,P102,2025-10-25,Damaged,56.61
R000009,OI0000135,O000091,P007,2025-09-22,Wrong size,39.99
R000010,OI0000149,O000097,P097,2025-11-24,Wrong size,20.46
R000011,OI0000159,O000103,P075,2025-02-04,Wrong size,44.36
R000012,OI0000165,O000106,P017,2025-05-21,Changed mind,18.94
R000013,OI0000174,O000113,P110,2025-11-16,Wrong size,82.9
R000014,OI0000180,O000116,P010,2025-03-06,Not as described,44.59
R000015,OI0000184,O000118,P037,2025-07-25,Changed mind,100.74
R000016,OI0000189,O000122,P039,2025-06-03,Damaged,31.96
R000017,OI0000211,O000141,P002,2025-09-02,Not as described,60.28
R000018,OI0000227,O000149,P037,2025-05-04,Changed mind,67.16
R000019,OI0000253,O000165,P104,2025-05-09,Damaged,44.1
R000020,OI0000259,O000167,P030,2025-03-05,Changed mind,57.05
R000021,OI0000269,O000173,P085,2025-12-14,Arrived late,11.15
R000022,OI0000276,O000178,P016,2025-09-10,Defective,59.7
R000023,OI0000289,O000187,P016,2025-04-04,Defective,119.4
R000024,OI0000298,O000192,P015,2025-06-07,Arrived late,31.17
R000025,OI0000319,O000205,P042,2025-05-20,Damaged,41.11
R000026,OI0000322,O000207,P064,2025-03-11,Not as described,16.79
R000027,OI0000326,O000209,P119,2025-07-01,Wrong size,68.16
R000028,OI0000330,O000213,P080,2025-03-29,Wrong size,64.69
R000029,OI0000347,O000222,P120,2025-12-30,Not as described,46.49
R000030,OI0000366,O000234,P005,2025-11-25,Damaged,98.5
R000031,OI0000369,O000236,P006,2025-02-26,Damaged,132.21
R000032,OI0000381,O000244,P107,2025-06-17,Arrived late,52.87
R000033,OI0000388,O000247,P077,2025-10-06,Arrived late,144.76
R000034,OI0000406,O000261,P095,2025-04-26,Changed mind,69.05
R000035,OI0000431,O000279,P016,2025-05-19,Defective,119.4
R000036,OI0000433,O000280,P105,2025-03-29,Not as described,73.93
R000037,OI0000460,O000293,P024,2025-08-22,Changed mind,84.49
R000038,OI0000466,O000297,P047,2025-04-25,Changed mind,46.5
R000039,OI0000496,O000317,P036,2025-11-16,Not as described,16.55
R000040,OI0000497,O000317,P050,2025-11-16,Defective,19.41
R000041,OI0000519,O000329,P114,2025-03-06,Changed mind,27.37
R000042,OI0000528,O000334,P019,2025-03-01,Not as described,13.12
R000043,OI0000546,O000340,P027,2025-09-07,Arrived late,12.05
R000044,OI0000596,O000369,P043,2025-05-05,Not as described,23.06
R000045,OI0000601,O000371,P049,2025-08-10,Not as described,42.57
R000046,OI0000609,O000379,P103,2025-12-02,Changed mind,65.04
R000047,OI0000612,O000380,P005,2025-10-28,Changed mind,49.25
R000048,OI0000637,O000398,P083,2025-09-10,Damaged,30.7
R000049,OI0000641,O000400,P018,2025-09-22,Changed mind,24.28
R000050,OI0000642,O000400,P088,2025-10-08,Damaged,28.36
R000051,OI0000647,O000402,P041,2025-07-29,Damaged,25.86
R000052,OI0000660,O000411,P030,2026-01-08,Not as described,57.05
R000053,OI0000662,O000412,P088,2025-12-05,Wrong size,28.36
R000054,OI0000664,O000413,P001,2025-06-09,Changed mind,66.04
R000055,OI0000672,O000417,P069,2025-07-10,Changed mind,24.0
R000056,OI0000677,O000420,P012,2025-05-22,Damaged,51.32
R000057,OI0000742,O000460,P069,2025-09-09,Arrived late,24.0
R000058,OI0000763,O000471,P057,2026-01-08,Defective,112.54
R000059,OI0000764,O000471,P046,2026-01-09,Wrong size,77.98
R000060,OI0000803,O000493,P006,2025-12-07,Wrong size,264.42
R000061,OI0000806,O000494,P085,2025-06-30,Defective,11.15
R000062,OI0000807,O000494,P022,2025-06-23,Wrong size,43.57
R000063,OI0000811,O000496,P088,2025-03-10,Wrong size,28.36
R000064,OI0000823,O000506,P081,2025-11-15,Arrived late,22.73
R000065,OI0000831,O000510,P020,2025-04-18,Changed mind,30.3
R000066,OI0000841,O000513,P030,2025-05-24,Wrong size,57.05
R000067,OI0000846,O000516,P106,2025-06-17,Damaged,47.23
R000068,OI0000851,O000520,P033,2025-03-09,Wrong size,87.02
R000069,OI0000854,O000523,P064,2025-04-22,Defective,16.79
R000070,OI0000864,O000527,P055,2025-11-16,Changed mind,207.54
R000071,OI0000866,O000528,P017,2025-05-12,Changed mind,18.94
R000072,OI0000892,O000545,P034,2025-04-22,Not as described,35.52
R000073,OI0000934,O000574,P091,2025-09-18,Wrong size,37.89
R000074,OI0000953,O000583,P003,2025-12-20,Changed mind,36.05
R000075,OI0000979,O000597,P085,2025-10-03,Arrived late,11.15
R000076,OI0000994,O000605,P109,2025-01-22,Arrived late,81.27
R000077,OI0001005,O000613,P119,2025-01-29,Arrived late,34.08
R000078,OI0001008,O000614,P008,2025-01-17,Wrong size,93.04
R000079,OI0001060,O000647,P044,2025-01-31,Not as described,63.71
R000080,OI0001061,O000648,P106,2025-04-09,Changed mind,47.23
R000081,OI0001068,O000653,P064,2025-01-13,Arrived late,16.79
R000082,OI0001078,O000659,P005,2025-05-09,Wrong size,49.25
R000083,OI0001096,O000669,P024,2025-08-23,Changed mind,84.49
R000084,OI0001098,O000670,P093,2025-07-12,Wrong size,45.3
R000085,OI0001120,O000686,P042,2025-09-21,Damaged,41.11
R000086,OI0001135,O000695,P031,2025-03-13,Arrived late,64.44
R000087,OI0001136,O000696,P009,2025-11-29,Defective,113.76
R000088,OI0001144,O000702,P008,2025-12-07,Defective,46.52
R000089,OI0001155,O000712,P095,2025-09-20,Wrong size,138.1
R000090,OI0001181,O000726,P108,2026-01-21,Wrong size,34.32
R000091,OI0001184,O000729,P060,2025-06-12,Changed mind,41.59
R000092,OI0001192,O000734,P104,2025-01-23,Arrived late,44.1
R000093,OI0001216,O000747,P109,2025-02-11,Wrong size,81.27
R000094,OI0001232,O000754,P119,2025-05-23,Arrived late,34.08
R000095,OI0001241,O000763,P079,2025-02-20,Wrong size,23.65
R000096,OI0001253,O000770,P008,2025-11-11,Not as described,93.04
R000097,OI0001306,O000799,P036,2026-01-05,Defective,16.55
R000098,OI0001311,O000801,P078,2025-07-14,Not as described,103.38
R000099,OI0001313,O000802,P077,2025-07-23,Wrong size,144.76
R000100,OI0001325,O000809,P012,2025-05-19,Damaged,51.32
R000101,OI0001343,O000820,P067,2025-12-28,Wrong size,46.95
R000102,OI0001358,O000831,P112,2025-03-23,Wrong size,35.49
R000103,OI0001366,O000836,P050,2025-08-26,Changed mind,19.41
R000104,OI0001370,O000838,P120,2025-05-12,Changed mind,46.49
R000105,OI0001375,O000841,P052,2026-01-06,Not as described,44.73
R000106,OI0001420,O000868,P101,2025-04-04,Damaged,43.91
R000107,OI0001424,O000869,P095,2025-09-15,Wrong size,69.05
R000108,OI0001432,O000872,P027,2025-12-23,Not as described,12.05
R000109,OI0001447,O000879,P074,2025-02-27,Not as described,32.9
R000110,OI0001474,O000896,P028,2025-09-10,Changed mind,258.7
R000111,OI0001475,O000897,P019,2025-04-24,Arrived late,26.24
R000112,OI0001480,O000900,P102,2025-04-19,Defective,56.61
R000113,OI0001488,O000903,P027,2025-02-06,Damaged,12.05
R000114,OI0001492,O000905,P087,2025-11-01,Wrong size,29.25
R000115,OI0001512,O000916,P098,2025-10-05,Changed mind,114.74
R000116,OI0001520,O000920,P037,2025-09-01,Not as described,33.58
R000117,OI0001626,O000983,P026,2025-03-12,Wrong size,55.32
R000118,OI0001634,O000988,P099,2025-11-12,Changed mind,46.77
R000119,OI0001635,O000988,P052,2025-11-18,Defective,44.73
R000120,OI0001645,O000992,P084,2025-10-03,Defective,30.69
R000121,OI0001664,O001009,P007,2025-05-17,Changed mind,79.98
R000122,OI0001675,O001018,P104,2025-04-25,Not as described,88.2
R000123,OI0001688,O001028,P029,2025-03-19,Wrong size,25.98
R000124,OI0001691,O001030,P074,2025-07-04,Not as described,32.9
R000125,OI0001701,O001035,P093,2025-05-17,Not as described,45.3
R000126,OI0001754,O001072,P030,2025-06-09,Wrong size,57.05
R000127,OI0001767,O001081,P009,2026-01-07,Wrong size,37.92
R000128,OI0001771,O001083,P089,2026-01-14,Damaged,26.52
R000129,OI0001775,O001086,P109,2025-06-28,Wrong size,81.27
R000130,OI0001785,O001094,P017,2025-01-27,Arrived late,18.94
R000131,OI0001796,O001100,P055,2025-03-08,Damaged,69.18
R000132,OI0001805,O001108,P009,2025-11-16,Changed mind,37.92
R000133,OI0001813,O001111,P075,2025-11-21,Wrong size,44.36
R000134,OI0001817,O001115,P076,2025-06-11,Damaged,38.28
R000135,OI0001820,O001116,P053,2025-08-22,Changed mind,40.97
R000136,OI0001831,O001124,P017,2025-11-30,Defective,37.88
R000137,OI0001834,O001125,P001,2025-02-12,Not as described,66.04
R000138,OI0001847,O001133,P106,2025-05-18,Defective,47.23
R000139,OI0001858,O001137,P017,2025-09-04,Changed mind,18.94
R000140,OI0001888,O001159,P012,2025-08-03,Changed mind,51.32
R000141,OI0001890,O001161,P001,2026-01-04,Arrived late,66.04
R000142,OI0001899,O001167,P050,2025-02-23,Changed mind,19.41
R000143,OI0001913,O001176,P050,2025-07-25,Wrong size,19.41
R000144,OI0001914,O001176,P043,2025-07-25,Arrived late,23.06
R000145,OI0001920,O001181,P029,2025-02-05,Not as described,51.96
R000146,OI0001926,O001184,P018,2025-08-26,Changed mind,12.14
R000147,OI0001932,O001189,P008,2025-08-17,Wrong size,46.52
R000148,OI0001944,O001197,P069,2025-10-13,Changed mind,24.0
R000149,OI0001956,O001205,P088,2025-08-03,Damaged,28.36
R000150,OI0001982,O001221,P030,2025-03-21,Wrong size,57.05
R000151,OI0001985,O001223,P011,2025-11-02,Wrong size,39.95
R000152,OI0001991,O001226,P001,2025-04-25,Changed mind,66.04
R000153,OI0002009,O001237,P101,2025-01-31,Damaged,43.91
R000154,OI0002016,O001242,P082,2025-06-03,Not as described,34.81
R000155,OI0002026,O001248,P085,2025-09-29,Damaged,22.3
R000156,OI0002048,O001260,P018,2026-01-19,Not as described,24.28
R000157,OI0002056,O001265,P040,2025-10-12,Changed mind,40.11
R000158,OI0002079,O001278,P059,2025-04-15,Not as described,68.57
R000159,OI0002093,O001286,P047,2025-04-11,Arrived late,23.25
R000160,OI0002102,O001292,P088,2025-02-13,Wrong size,56.72
R000161,OI0002155,O001322,P001,2025-11-18,Defective,66.04
R000162,OI0002156,O001323,P048,2025-09-30,Wrong size,111.12
R000163,OI0002160,O001326,P104,2025-09-03,Wrong size,88.2
R000164,OI0002174,O001335,P106,2025-04-25,Damaged,47.23
R000165,OI0002185,O001341,P066,2025-02-21,Changed mind,34.67
R000166,OI0002210,O001355,P060,2025-05-05,Not as described,83.18
R000167,OI0002224,O001364,P013,2025-08-23,Damaged,12.37
R000168,OI0002231,O001369,P043,2025-11-28,Not as described,23.06
R000169,OI0002232,O001370,P108,2025-12-15,Changed mind,34.32
R000170,OI0002243,O001376,P098,2025-05-31,Changed mind,114.74
R000171,OI0002250,O001380,P105,2025-08-07,Wrong size,73.93
R000172,OI0002293,O001405,P084,2025-11-27,Arrived late,61.38
R000173,OI0002298,O001410,P017,2025-03-19,Arrived late,18.94
R000174,OI0002303,O001413,P095,2025-03-09,Not as described,69.05
R000175,OI0002330,O001426,P069,2025-03-30,Damaged,24.0
R000176,OI0002336,O001429,P012,2025-12-14,Arrived late,51.32
R000177,OI0002337,O001430,P073,2025-09-16,Changed mind,45.97
R000178,OI0002338,O001430,P009,2025-09-23,Changed mind,37.92
R000179,OI0002340,O001431,P095,2025-06-24,Wrong size,138.1
R000180,OI0002353,O001436,P017,2026-01-02,Arrived late,18.94
R000181,OI0002357,O001438,P068,2025-01-31,Not as described,58.46
R000182,OI0002361,O001441,P042,2025-11-15,Changed mind,41.11
R000183,OI0002390,O001459,P060,2025-12-27,Not as described,41.59
R000184,OI0002391,O001459,P082,2025-12-25,Damaged,34.81
R000185,OI0002396,O001462,P066,2025-03-28,Arrived late,34.67
R000186,OI0002406,O001470,P056,2025-05-14,Damaged,37.38
R000187,OI0002433,O001487,P040,2025-08-07,Damaged,40.11
R000188,OI0002442,O001492,P106,2026-01-07,Not as described,47.23
R000189,OI0002482,O001514,P042,2025-11-29,Not as described,41.11
R000190,OI0002506,O001529,P022,2025-03-05,Defective,43.57
R000191,OI0002507,O001530,P022,2026-01-02,Not as described,87.14
R000192,OI0002523,O001540,P043,2025-12-15,Changed mind,23.06
R000193,OI0002529,O001543,P015,2025-07-11,Changed mind,31.17
R000194,OI0002540,O001550,P083,2025-03-28,Arrived late,30.7
R000195,OI0002555,O001560,P019,2026-01-04,Damaged,13.12
R000196,OI0002570,O001569,P104,2025-09-29,Arrived late,44.1
R000197,OI0002592,O001581,P104,2025-04-02,Wrong size,44.1
R000198,OI0002602,O001586,P103,2025-02-21,Damaged,65.04
R000199,OI0002609,O001592,P062,2025-08-11,Not as described,53.16
R000200,OI0002630,O001603,P054,2025-03-26,Damaged,53.62
R000201,OI0002640,O001611,P087,2025-05-11,Not as described,29.25
R000202,OI0002667,O001628,P110,2025-08-06,Not as described,82.9
R000203,OI0002673,O001631,P017,2025-09-26,Arrived late,18.94
R000204,OI0002678,O001634,P073,2025-05-11,Changed mind,45.97
R000205,OI0002688,O001641,P043,2025-01-26,Not as described,23.06
R000206,OI0002725,O001662,P090,2026-01-01,Not as described,55.52
R000207,OI0002728,O001665,P109,2025-08-08,Defective,81.27
R000208,OI0002736,O001671,P096,2025-02-22,Not as described,173.16
R000209,OI0002749,O001679,P105,2025-08-26,Defective,73.93
R000210,OI0002757,O001687,P095,2025-12-24,Changed mind,69.05
R000211,OI0002759,O001689,P043,2025-07-06,Changed mind,23.06
R000212,OI0002802,O001711,P009,2025-07-22,Wrong size,37.92
R000213,OI0002820,O001719,P012,2025-12-04,Arrived late,153.96
R000214,OI0002838,O001729,P069,2025-02-09,Changed mind,48.0
R000215,OI0002839,O001729,P064,2025-02-05,Not as described,33.58
R000216,OI0002855,O001739,P069,2025-11-26,Not as described,72.0
R000217,OI0002894,O001760,P093,2025-03-29,Arrived late,45.3
R000218,OI0002901,O001764,P095,2025-10-23,Not as described,69.05
R000219,OI0002904,O001766,P063,2025-11-01,Arrived late,28.7
R000220,OI0002906,O001767,P017,2025-11-26,Not as described,18.94
R000221,OI0002930,O001779,P016,2025-05-18,Changed mind,59.7
R000222,OI0002943,O001788,P074,2025-03-23,Wrong size,65.8
R000223,OI0002974,O001805,P045,2025-05-25,Changed mind,30.38
R000224,OI0002981,O001808,P069,2025-05-17,Wrong size,24.0
R000225,OI0003003,O001825,P019,2025-02-08,Defective,13.12
R000226,OI0003033,O001843,P042,2025-12-04,Not as described,41.11
R000227,OI0003052,O001858,P095,2025-06-23,Wrong size,138.1
R000228,OI0003059,O001861,P089,2025-02-04,Wrong size,26.52
R000229,OI0003079,O001874,P011,2025-07-06,Damaged,39.95
R000230,OI0003080,O001875,P076,2025-07-27,Wrong size,38.28
R000231,OI0003081,O001875,P006,2025-07-26,Arrived late,132.21
R000232,OI0003082,O001876,P117,2025-08-25,Damaged,27.82
R000233,OI0003087,O001879,P049,2025-04-13,Defective,42.57
R000234,OI0003093,O001884,P024,2025-01-15,Changed mind,84.49
R000235,OI0003109,O001895,P083,2025-02-24,Changed mind,30.7
R000236,OI0003134,O001908,P083,2025-04-04,Arrived late,30.7
R000237,OI0003155,O001922,P065,2025-05-23,Arrived late,41.82
R000238,OI0003201,O001955,P073,2025-06-07,Damaged,45.97
R000239,OI0003209,O001960,P037,2026-01-06,Wrong size,33.58
R000240,OI0003244,O001983,P095,2025-10-01,Defective,138.1
R000241,OI0003260,O001993,P079,2025-11-28,Not as described,23.65
R000242,OI0003262,O001994,P083,2025-12-11,Changed mind,61.4
R000243,OI0003264,O001995,P050,2025-05-06,Wrong size,19.41
R000244,OI0003269,O001997,P114,2025-02-22,Arrived late,27.37
R000245,OI0003276,O002003,P045,2025-09-20,Defective,30.38
R000246,OI0003290,O002011,P003,2025-04-08,Wrong size,36.05
R000247,OI0003294,O002013,P066,2025-11-26,Defective,34.67
R000248,OI0003298,O002015,P105,2025-12-31,Changed mind,147.86
R000249,OI0003316,O002026,P037,2025-11-17,Wrong size,33.58
R000250,OI0003317,O002027,P017,2025-12-26,Not as described,18.94
R000251,OI0003326,O002035,P080,2025-12-12,Wrong size,64.69
R000252,OI0003357,O002055,P009,2026-01-10,Wrong size,37.92
R000253,OI0003386,O002071,P035,2025-07-24,Not as described,23.65
R000254,OI0003397,O002079,P088,2025-07-23,Arrived late,28.36
R000255,OI0003404,O002081,P097,2025-11-17,Changed mind,20.46
R000256,OI0003427,O002098,P050,2026-01-15,Wrong size,19.41
R000257,OI0003439,O002107,P112,2025-01-26,Wrong size,70.98
R000258,OI0003444,O002109,P043,2026-01-09,Damaged,46.12
R000259,OI0003463,O002121,P085,2025-05-17,Not as described,11.15
R000260,OI0003471,O002128,P106,2025-02-15,Defective,47.23
R000261,OI0003497,O002142,P035,2025-10-22,Arrived late,47.3
R000262,OI0003501,O002146,P024,2025-08-27,Wrong size,84.49
R000263,OI0003514,O002152,P012,2026-01-22,Not as described,102.64
R000264,OI0003527,O002161,P043,2025-06-21,Wrong size,23.06
R000265,OI0003555,O002181,P014,2025-03-27,Defective,102.77
R000266,OI0003571,O002190,P052,2025-08-21,Damaged,44.73
R000267,OI0003585,O002199,P065,2025-07-30,Wrong size,41.82
R000268,OI0003595,O002205,P005,2025-02-18,Wrong size,98.5
R000269,OI0003610,O002214,P115,2025-04-27,Arrived late,42.04
R000270,OI0003623,O002221,P045,2025-09-21,Damaged,30.38
R000271,OI0003650,O002240,P079,2025-05-16,Wrong size,47.3
R000272,OI0003673,O002254,P012,2025-06-30,Not as described,51.32
R000273,OI0003676,O002254,P040,2025-07-07,Wrong size,40.11
R000274,OI0003716,O002276,P103,2025-04-05,Wrong size,65.04
R000275,OI0003750,O002298,P063,2025-10-11,Changed mind,28.7
R000276,OI0003755,O002302,P032,2025-10-30,Changed mind,17.4
R000277,OI0003764,O002307,P030,2025-11-17,Arrived late,57.05
R000278,OI0003780,O002318,P028,2025-09-09,Damaged,129.35
R000279,OI0003799,O002329,P030,2025-09-13,Damaged,57.05
R000280,OI0003800,O002330,P023,2025-09-28,Changed mind,54.75
R000281,OI0003803,O002332,P021,2025-06-20,Not as described,51.23
R000282,OI0003808,O002335,P077,2025-11-02,Defective,144.76
R000283,OI0003811,O002336,P088,2025-09-01,Wrong size,28.36
R000284,OI0003815,O002339,P009,2025-08-10,Wrong size,37.92
R000285,OI0003819,O002340,P050,2025-10-20,Wrong size,19.41
R000286,OI0003831,O002349,P075,2025-04-27,Changed mind,44.36
R000287,OI0003843,O002360,P008,2025-02-01,Wrong size,46.52
R000288,OI0003851,O002365,P083,2025-07-05,Not as described,30.7
R000289,OI0003856,O002367,P086,2025-07-16,Changed mind,80.82
R000290,OI0003869,O002375,P033,2025-10-09,Not as described,87.02
R000291,OI0003870,O002376,P029,2025-04-29,Wrong size,25.98
R000292,OI0003881,O002385,P104,2025-10-11,Not as described,88.2
R000293,OI0003895,O002398,P083,2026-01-04,Not as described,61.4
R000294,OI0003904,O002405,P077,2025-03-05,Defective,144.76
R000295,OI0003916,O002413,P028,2025-05-23,Defective,129.35
R000296,OI0003924,O002417,P056,2025-06-26,Not as described,18.69
R000297,OI0003950,O002433,P008,2025-07-10,Wrong size,46.52
R000298,OI0004002,O002471,P106,2025-08-05,Defective,47.23
R000299,OI0004010,O002475,P077,2025-04-20,Not as described,144.76
R000300,OI0004012,O002477,P073,2025-09-03,Damaged,45.97
R000301,OI0004048,O002498,P002,2025-11-07,Changed mind,30.14
R000302,OI0004055,O002504,P097,2025-05-01,Wrong size,20.46
R000303,OI0004070,O002512,P001,2025-06-30,Changed mind,66.04
R000304,OI0004075,O002514,P085,2025-10-04,Not as described,11.15
R000305,OI0004096,O002527,P046,2026-01-08,Wrong size,38.99
R000306,OI0004112,O002538,P017,2025-08-26,Wrong size,18.94
R000307,OI0004132,O002551,P116,2025-12-25,Defective,38.35
R000308,OI0004134,O002553,P088,2025-04-19,Wrong size,28.36
R000309,OI0004144,O002560,P034,2026-01-05,Arrived late,35.52
R000310,OI0004164,O002572,P104,2025-10-02,Wrong size,44.1
R000311,OI0004176,O002578,P110,2025-11-06,Changed mind,82.9
R000312,OI0004182,O002583,P096,2025-05-25,Arrived late,259.74
R000313,OI0004188,O002586,P050,2025-03-27,Arrived late,19.41
R000314,OI0004224,O002608,P064,2025-01-27,Arrived late,16.79
R000315,OI0004236,O002618,P049,2025-12-31,Wrong size,42.57
R000316,OI0004239,O002620,P104,2025-11-21,Wrong size,44.1
R000317,OI0004275,O002637,P069,2026-01-04,Wrong size,24.0
R000318,OI0004289,O002643,P073,2025-08-04,Arrived late,91.94
R000319,OI0004308,O002653,P030,2025-04-08,Not as described,57.05
R000320,OI0004319,O002659,P055,2025-12-18,Changed mind,138.36
R000321,OI0004327,O002663,P043,2026-01-07,Wrong size,23.06
R000322,OI0004349,O002676,P006,2025-12-04,Wrong size,132.21
R000323,OI0004358,O002681,P006,2025-01-17,Not as described,132.21
R000324,OI0004373,O002691,P109,2025-04-04,Wrong size,162.54
R000325,OI0004375,O002692,P019,2026-01-15,Wrong size,13.12
R000326,OI0004382,O002694,P055,2025-05-19,Changed mind,69.18
R000327,OI0004396,O002704,P002,2025-12-25,Not as described,30.14
R000328,OI0004410,O002710,P095,2025-07-03,Arrived late,207.15
R000329,OI0004427,O002721,P017,2025-03-11,Not as described,18.94
R000330,OI0004444,O002731,P043,2025-07-07,Arrived late,23.06
R000331,OI0004485,O002760,P003,2025-07-22,Wrong size,36.05
R000332,OI0004494,O002767,P038,2025-05-05,Changed mind,64.8
R000333,OI0004495,O002768,P050,2025-04-23,Changed mind,19.41
R000334,OI0004504,O002774,P031,2026-01-09,Not as described,32.22
R000335,OI0004508,O002777,P069,2025-07-21,Not as described,24.0
R000336,OI0004515,O002783,P042,2025-04-03,Damaged,82.22
R000337,OI0004523,O002788,P028,2025-05-19,Not as described,129.35
R000338,OI0004530,O002793,P084,2026-01-06,Arrived late,30.69
R000339,OI0004535,O002797,P088,2025-09-30,Wrong size,28.36
R000340,OI0004542,O002801,P118,2025-11-05,Not as described,22.9
R000341,OI0004567,O002819,P005,2025-04-23,Arrived late,49.25
R000342,OI0004585,O002833,P113,2025-04-25,Changed mind,107.19
R000343,OI0004587,O002835,P068,2025-11-05,Not as described,58.46
R000344,OI0004614,O002853,P027,2025-02-12,Not as described,12.05
R000345,OI0004629,O002864,P003,2025-08-22,Wrong size,36.05
R000346,OI0004638,O002871,P007,2025-03-03,Damaged,39.99
R000347,OI0004679,O002895,P076,2025-10-21,Arrived late,38.28
R000348,OI0004686,O002899,P069,2025-11-19,Arrived late,24.0
R000349,OI0004718,O002917,P026,2025-01-30,Wrong size,82.98
R000350,OI0004738,O002929,P104,2025-05-19,Defective,44.1
R000351,OI0004744,O002933,P114,2025-05-10,Arrived late,82.11
R000352,OI0004747,O002935,P069,2025-12-01,Wrong size,24.0
R000353,OI0004767,O002946,P102,2025-02-09,Wrong size,56.61
R000354,OI0004769,O002948,P105,2025-03-14,Wrong size,73.93
R000355,OI0004779,O002953,P002,2025-10-15,Defective,30.14
R000356,OI0004790,O002960,P104,2025-06-06,Changed mind,44.1
R000357,OI0004791,O002960,P036,2025-06-12,Wrong size,33.1
R000358,OI0004793,O002960,P063,2025-06-08,Wrong size,28.7
R000359,OI0004804,O002967,P043,2025-03-10,Defective,23.06
R000360,OI0004809,O002972,P043,2025-11-28,Defective,23.06
R000361,OI0004836,O002984,P006,2025-04-11,Wrong size,132.21
R000362,OI0004845,O002990,P118,2025-03-25,Defective,68.7
R000363,OI0004856,O002997,P078,2026-01-13,Defective,34.46
R000364,OI0004878,O003011,P045,2025-09-06,Wrong size,30.38
R000365,OI0004891,O003016,P088,2025-05-07,Wrong size,28.36
R000366,OI0004900,O003020,P043,2025-12-30,Changed mind,23.06
R000367,OI0004903,O003023,P059,2025-07-10,Arrived late,137.14
R000368,OI0004915,O003030,P057,2025-02-28,Not as described,112.54
R000369,OI0004920,O003032,P074,2025-10-21,Changed mind,32.9
R000370,OI0004925,O003035,P037,2025-10-08,Not as described,33.58
R000371,OI0004930,O003038,P050,2025-12-20,Not as described,19.41
R000372,OI0004935,O003043,P091,2025-03-26,Not as described,37.89
R000373,OI0004943,O003048,P105,2025-07-21,Arrived late,147.86
R000374,OI0004957,O003055,P045,2025-09-05,Changed mind,30.38
R000375,OI0004995,O003082,P043,2025-09-19,Damaged,23.06
R000376,OI0005008,O003091,P040,2025-09-05,Wrong size,40.11
R000377,OI0005045,O003111,P017,2025-11-30,Defective,18.94
R000378,OI0005051,O003113,P111,2025-09-29,Wrong size,58.22
R000379,OI0005060,O003118,P019,2025-11-05,Wrong size,13.12
R000380,OI0005076,O003128,P043,2025-07-28,Changed mind,23.06
R000381,OI0005079,O003131,P083,2025-05-10,Changed mind,30.7
R000382,OI0005083,O003133,P021,2025-03-29,Changed mind,51.23
R000383,OI0005123,O003156,P080,2025-10-08,Changed mind,64.69
R000384,OI0005141,O003166,P083,2025-10-29,Changed mind,30.7
R000385,OI0005146,O003169,P062,2025-01-24,Not as described,53.16
R000386,OI0005168,O003184,P097,2025-03-27,Wrong size,40.92
R000387,OI0005170,O003186,P016,2025-07-21,Wrong size,59.7
R000388,OI0005196,O003202,P104,2025-05-17,Arrived late,44.1
R000389,OI0005197,O003203,P093,2025-01-31,Wrong size,45.3
R000390,OI0005200,O003205,P030,2025-06-24,Damaged,57.05
R000391,OI0005247,O003234,P088,2025-02-14,Changed mind,28.36
R000392,OI0005254,O003240,P086,2025-08-21,Wrong size,161.64
R000393,OI0005302,O003275,P103,2025-06-29,Not as described,65.04
R000394,OI0005306,O003278,P067,2025-04-03,Changed mind,46.95
R000395,OI0005321,O003290,P033,2025-05-30,Changed mind,87.02
R000396,OI0005337,O003299,P030,2025-11-27,Damaged,57.05
R000397,OI0005338,O003300,P026,2025-07-06,Not as described,27.66
R000398,OI0005349,O003308,P102,2025-11-27,Wrong size,56.61
R000399,OI0005356,O003311,P113,2025-03-01,Defective,35.73
R000400,OI0005369,O003321,P021,2025-10-11,Damaged,51.23
R000401,OI0005374,O003326,P098,2026-01-13,Defective,57.37
R000402,OI0005394,O003339,P009,2025-02-24,Wrong size,37.92
R000403,OI0005409,O003347,P120,2025-06-23,Arrived late,46.49
R000404,OI0005421,O003356,P020,2025-07-19,Changed mind,60.6
R000405,OI0005422,O003357,P002,2025-05-02,Arrived late,60.28
R000406,OI0005424,O003358,P109,2025-05-07,Wrong size,81.27
R000407,OI0005431,O003363,P034,2025-08-22,Damaged,35.52
R000408,OI0005446,O003372,P055,2025-01-29,Damaged,69.18
R000409,OI0005464,O003381,P088,2025-12-18,Not as described,85.08
R000410,OI0005467,O003384,P045,2025-09-13,Defective,30.38
R000411,OI0005479,O003391,P019,2025-02-12,Wrong size,13.12
R000412,OI0005510,O003411,P109,2025-01-29,Damaged,81.27
R000413,OI0005529,O003425,P002,2025-05-11,Not as described,30.14
R000414,OI0005547,O003437,P043,2025-06-09,Wrong size,23.06
R000415,OI0005550,O003438,P051,2026-01-06,Wrong size,11.22
R000416,OI0005577,O003455,P021,2025-12-18,Wrong size,102.46
R000417,OI0005579,O003456,P085,2025-03-30,Changed mind,22.3
R000418,OI0005583,O003459,P027,2025-06-20,Damaged,12.05
R000419,OI0005585,O003460,P040,2025-06-06,Defective,40.11
R000420,OI0005586,O003461,P028,2025-11-19,Wrong size,129.35
R000421,OI0005592,O003463,P076,2025-05-06,Damaged,38.28
R000422,OI0005608,O003472,P120,2025-08-27,Defective,92.98
R000423,OI0005646,O003496,P045,2025-03-03,Wrong size,30.38
R000424,OI0005655,O003503,P066,2025-01-25,Not as described,69.34
R000425,OI0005687,O003522,P082,2025-06-03,Arrived late,34.81
R000426,OI0005692,O003526,P017,2025-09-06,Wrong size,18.94
R000427,OI0005701,O003529,P025,2025-12-18,Changed mind,37.52
R000428,OI0005702,O003530,P097,2025-04-18,Wrong size,20.46
R000429,OI0005703,O003531,P023,2025-02-06,Wrong size,54.75
R000430,OI0005704,O003532,P008,2025-08-02,Wrong size,46.52
R000431,OI0005706,O003534,P066,2025-06-15,Not as described,34.67
R000432,OI0005723,O003547,P089,2025-04-11,Changed mind,53.04
R000433,OI0005731,O003554,P113,2025-09-06,Wrong size,71.46
R000434,OI0005744,O003563,P010,2025-10-23,Damaged,89.18
R000435,OI0005751,O003569,P116,2025-06-30,Not as described,38.35
R000436,OI0005775,O003590,P046,2025-10-31,Damaged,38.99
R000437,OI0005791,O003601,P022,2025-10-29,Damaged,43.57
R000438,OI0005805,O003610,P082,2025-08-14,Damaged,34.81
R000439,OI0005808,O003612,P070,2025-05-23,Arrived late,47.52
R000440,OI0005810,O003613,P077,2025-08-07,Defective,144.76
R000441,OI0005820,O003620,P104,2025-09-11,Wrong size,44.1
R000442,OI0005854,O003643,P037,2025-03-17,Not as described,33.58
R000443,OI0005871,O003655,P088,2025-11-12,Arrived late,28.36
R000444,OI0005896,O003673,P039,2025-10-07,Arrived late,31.96
R000445,OI0005904,O003677,P017,2025-06-09,Defective,37.88
R000446,OI0005908,O003679,P074,2025-04-11,Defective,32.9
R000447,OI0005933,O003697,P014,2025-08-31,Damaged,102.77
R000448,OI0005947,O003709,P085,2025-02-24,Arrived late,11.15
R000449,OI0005962,O003718,P030,2025-03-18,Wrong size,114.1
R000450,OI0005967,O003721,P104,2025-07-02,Not as described,44.1
R000451,OI0005970,O003723,P110,2026-01-15,Wrong size,82.9
R000452,OI0005976,O003727,P018,2025-06-03,Changed mind,12.14
R000453,OI0005977,O003728,P008,2025-06-07,Defective,46.52
R000454,OI0005988,O003734,P015,2025-09-16,Wrong size,31.17
R000455,OI0006021,O003755,P109,2025-08-08,Not as described,81.27
R000456,OI0006054,O003775,P043,2025-09-06,Wrong size,23.06
R000457,OI0006105,O003804,P028,2025-03-01,Not as described,129.35
R000458,OI0006128,O003814,P107,2025-06-21,Wrong size,52.87
R000459,OI0006148,O003824,P020,2025-02-19,Wrong size,30.3
R000460,OI0006149,O003825,P057,2025-10-12,Defective,112.54
R000461,OI0006153,O003827,P064,2025-08-02,Not as described,16.79
R000462,OI0006166,O003838,P028,2025-08-25,Wrong size,129.35
R000463,OI0006175,O003842,P033,2025-01-20,Wrong size,87.02
R000464,OI0006180,O003845,P114,2025-03-22,Changed mind,54.74
R000465,OI0006183,O003846,P103,2025-05-23,Wrong size,65.04
R000466,OI0006186,O003847,P116,2025-08-27,Arrived late,76.7
R000467,OI0006191,O003851,P043,2025-05-07,Wrong size,23.06
R000468,OI0006204,O003862,P109,2025-01-26,Changed mind,81.27
R000469,OI0006212,O003868,P005,2025-11-04,Damaged,49.25
R000470,OI0006218,O003873,P042,2025-04-07,Damaged,41.11
R000471,OI0006237,O003885,P080,2025-06-16,Damaged,64.69
R000472,OI0006256,O003897,P024,2025-12-27,Not as described,168.98
R000473,OI0006274,O003908,P007,2025-10-22,Damaged,39.99
R000474,OI0006279,O003911,P043,2025-01-28,Arrived late,23.06
R000475,OI0006291,O003919,P009,2025-10-23,Wrong size,37.92
R000476,OI0006307,O003929,P100,2025-03-25,Wrong size,26.88
R000477,OI0006314,O003932,P045,2025-03-25,Wrong size,30.38
R000478,OI0006329,O003942,P048,2025-11-22,Not as described,37.04
R000479,OI0006341,O003952,P022,2025-02-16,Changed mind,43.57
R000480,OI0006386,O003977,P109,2025-10-29,Changed mind,162.54
R000481,OI0006404,O003986,P034,2025-03-31,Not as described,35.52
R000482,OI0006434,O004004,P045,2025-07-11,Wrong size,30.38
R000483,OI0006440,O004008,P020,2025-09-08,Arrived late,30.3
R000484,OI0006448,O004013,P045,2025-12-01,Not as described,30.38
R000485,OI0006468,O004024,P114,2025-12-22,Changed mind,27.37
R000486,OI0006477,O004030,P083,2025-10-21,Arrived late,30.7
R000487,OI0006495,O004044,P021,2025-12-28,Changed mind,153.69
R000488,OI0006543,O004074,P047,2025-07-17,Wrong size,69.75
R000489,OI0006550,O004079,P011,2025-11-30,Changed mind,39.95
R000490,OI0006570,O004091,P115,2025-06-19,Changed mind,42.04
R000491,OI0006601,O004114,P088,2025-08-25,Defective,28.36
R000492,OI0006604,O004115,P003,2025-06-08,Wrong size,36.05
R000493,OI0006625,O004129,P043,2025-09-28,Arrived late,23.06
R000494,OI0006661,O004150,P001,2025-05-31,Wrong size,66.04
R000495,OI0006663,O004151,P015,2025-04-26,Damaged,31.17
R000496,OI0006691,O004171,P004,2025-12-28,Changed mind,66.5
R000497,OI0006693,O004172,P120,2025-04-08,Defective,46.49
R000498,OI0006695,O004173,P010,2025-08-21,Wrong size,44.59
R000499,OI0006725,O004190,P114,2025-09-19,Defective,54.74
R000500,OI0006743,O004202,P028,2025-03-09,Wrong size,129.35
R000501,OI0006758,O004209,P032,2025-04-29,Defective,17.4
R000502,OI0006773,O004219,P002,2025-03-22,Damaged,30.14
R000503,OI0006778,O004222,P012,2025-03-03,Changed mind,51.32
R000504,OI0006782,O004224,P057,2025-05-17,Wrong size,337.62
R000505,OI0006807,O004240,P102,2026-01-23,Changed mind,56.61
R000506,OI0006843,O004262,P027,2025-10-30,Wrong size,12.05
R000507,OI0006852,O004268,P043,2025-05-04,Damaged,23.06
R000508,OI0006855,O004270,P058,2025-06-06,Wrong size,47.56
R000509,OI0006866,O004277,P001,2025-10-13,Wrong size,66.04
R000510,OI0006874,O004283,P009,2025-05-01,Wrong size,37.92
R000511,OI0006881,O004287,P049,2025-04-24,Defective,42.57
R000512,OI0006885,O004289,P004,2025-11-07,Arrived late,66.5
R000513,OI0006910,O004303,P043,2025-11-19,Changed mind,23.06
R000514,OI0006920,O004309,P009,2026-01-14,Wrong size,37.92
R000515,OI0006930,O004316,P043,2025-07-05,Wrong size,23.06
R000516,OI0006932,O004317,P071,2025-05-23,Damaged,141.44
R000517,OI0006959,O004334,P102,2025-09-09,Changed mind,56.61
R000518,OI0006961,O004335,P105,2025-04-03,Wrong size,73.93
R000519,OI0006975,O004343,P017,2026-01-18,Damaged,18.94
R000520,OI0006980,O004346,P089,2025-04-21,Arrived late,26.52
R000521,OI0007005,O004363,P069,2025-11-05,Defective,24.0
R000522,OI0007008,O004365,P068,2025-11-05,Damaged,29.23
R000523,OI0007020,O004375,P106,2025-02-06,Damaged,47.23
R000524,OI0007029,O004384,P043,2025-11-12,Wrong size,23.06
R000525,OI0007035,O004389,P071,2025-06-12,Not as described,141.44
R000526,OI0007044,O004395,P017,2025-03-03,Arrived late,18.94
R000527,OI0007055,O004399,P067,2025-04-09,Wrong size,46.95
R000528,OI0007057,O004400,P052,2025-05-23,Defective,44.73
R000529,OI0007066,O004405,P044,2025-10-15,Changed mind,63.71
R000530,OI0007098,O004426,P058,2025-04-08,Damaged,47.56
R000531,OI0007104,O004430,P108,2025-06-02,Arrived late,68.64
R000532,OI0007162,O004466,P046,2025-10-22,Damaged,38.99
R000533,OI0007164,O004467,P064,2025-02-02,Arrived late,16.79
R000534,OI0007175,O004473,P088,2025-11-29,Damaged,28.36
R000535,OI0007187,O004482,P048,2025-11-02,Arrived late,37.04
R000536,OI0007201,O004491,P047,2025-04-10,Wrong size,23.25
R000537,OI0007216,O004501,P116,2025-06-15,Arrived late,38.35
R000538,OI0007228,O004509,P009,2025-06-08,Wrong size,37.92
R000539,OI0007264,O004527,P095,2025-08-20,Damaged,69.05
R000540,OI0007294,O004545,P002,2025-01-31,Wrong size,30.14
R000541,OI0007316,O004561,P095,2025-01-18,Arrived late,69.05
R000542,OI0007321,O004564,P116,2025-08-01,Not as described,38.35
R000543,OI0007324,O004566,P051,2025-02-02,Not as described,11.22
R000544,OI0007326,O004568,P074,2026-01-08,Not as described,32.9
R000545,OI0007329,O004571,P035,2025-04-16,Arrived late,47.3
R000546,OI0007343,O004580,P115,2025-10-19,Changed mind,42.04
R000547,OI0007344,O004580,P017,2025-11-02,Changed mind,18.94
R000548,OI0007353,O004586,P109,2025-04-26,Not as described,243.81
R000549,OI0007364,O004593,P015,2025-02-23,Changed mind,31.17
R000550,OI0007365,O004593,P050,2025-02-27,Defective,19.41
R000551,OI0007369,O004595,P013,2025-08-28,Defective,12.37
R000552,OI0007373,O004597,P052,2025-07-21,Not as described,44.73
R000553,OI0007380,O004601,P060,2025-10-06,Not as described,41.59
R000554,OI0007394,O004611,P087,2025-05-11,Arrived late,29.25
R000555,OI0007409,O004621,P078,2025-03-10,Wrong size,34.46
R000556,OI0007418,O004626,P081,2025-04-08,Wrong size,22.73
R000557,OI0007430,O004634,P043,2025-09-04,Changed mind,23.06
R000558,OI0007449,O004648,P054,2026-01-05,Changed mind,53.62
R000559,OI0007464,O004655,P025,2025-04-04,Changed mind,37.52
R000560,OI0007498,O004674,P090,2025-12-10,Wrong size,55.52
R000561,OI0007506,O004679,P044,2025-09-11,Changed mind,63.71
R000562,OI0007519,O004687,P059,2025-03-16,Wrong size,68.57
R000563,OI0007522,O004688,P070,2025-11-28,Changed mind,47.52
R000564,OI0007528,O004694,P042,2025-04-16,Arrived late,41.11
R000565,OI0007544,O004703,P047,2025-10-04,Wrong size,23.25
R000566,OI0007552,O004710,P026,2025-07-14,Wrong size,55.32
R000567,OI0007565,O004716,P037,2025-12-14,Changed mind,33.58
R000568,OI0007571,O004720,P016,2025-10-10,Changed mind,119.4
R000569,OI0007582,O004727,P078,2025-03-30,Wrong size,68.92
R000570,OI0007588,O004730,P072,2025-11-11,Not as described,14.56
R000571,OI0007591,O004733,P028,2025-05-22,Wrong size,129.35
R000572,OI0007617,O004750,P058,2025-11-22,Wrong size,47.56
R000573,OI0007623,O004754,P088,2025-01-23,Wrong size,28.36
R000574,OI0007625,O004755,P068,2025-09-18,Wrong size,29.23
R000575,OI0007665,O004779,P001,2025-11-29,Arrived late,66.04
R000576,OI0007672,O004781,P114,2025-12-20,Changed mind,82.11
R000577,OI0007681,O004785,P112,2025-01-19,Defective,35.49
R000578,OI0007683,O004787,P001,2025-04-17,Damaged,66.04
R000579,OI0007705,O004800,P043,2025-04-29,Wrong size,23.06
R000580,OI0007722,O004810,P068,2025-10-25,Damaged,87.69
R000581,OI0007736,O004817,P104,2025-05-23,Wrong size,88.2
R000582,OI0007738,O004818,P038,2025-04-26,Wrong size,64.8
R000583,OI0007758,O004833,P067,2025-12-30,Damaged,46.95
R000584,OI0007768,O004840,P080,2025-02-25,Wrong size,64.69
R000585,OI0007787,O004854,P039,2025-11-19,Changed mind,31.96
R000586,OI0007790,O004856,P113,2025-02-21,Arrived late,35.73
R000587,OI0007792,O004857,P074,2025-12-24,Defective,98.7
R000588,OI0007808,O004866,P027,2025-02-18,Changed mind,12.05
R000589,OI0007816,O004870,P099,2025-07-24,Not as described,46.77
R000590,OI0007819,O004872,P010,2025-05-09,Arrived late,44.59
R000591,OI0007821,O004874,P098,2025-05-06,Arrived late,57.37
R000592,OI0007837,O004880,P038,2025-05-31,Changed mind,64.8
R000593,OI0007850,O004889,P055,2025-02-02,Not as described,69.18
R000594,OI0007856,O004892,P037,2025-02-20,Defective,33.58
R000595,OI0007858,O004894,P117,2025-05-20,Arrived late,55.64
R000596,OI0007860,O004895,P005,2025-08-17,Not as described,49.25
R000597,OI0007864,O004897,P017,2025-12-27,Wrong size,18.94
R000598,OI0007871,O004902,P088,2025-03-07,Defective,28.36
R000599,OI0007878,O004907,P039,2025-03-19,Wrong size,31.96
R000600,OI0007885,O004912,P081,2025-06-19,Arrived late,22.73
R000601,OI0007918,O004933,P048,2025-03-13,Damaged,74.08
R000602,OI0007937,O004945,P085,2025-02-28,Changed mind,11.15
R000603,OI0007939,O004946,P017,2025-06-08,Wrong size,37.88
R000604,OI0007941,O004948,P003,2025-04-23,Not as described,36.05
R000605,OI0007944,O004950,P019,2025-09-08,Wrong size,26.24
R000606,OI0007945,O004951,P118,2025-08-25,Changed mind,22.9
R000607,OI0007946,O004951,P026,2025-08-26,Arrived late,55.32
R000608,OI0007980,O004976,P043,2025-07-18,Arrived late,23.06
R000609,OI0008004,O004988,P107,2025-01-14,Not as described,52.87
R000610,OI0008007,O004989,P087,2025-07-08,Wrong size,29.25
R000611,OI0008021,O004997,P022,2025-09-04,Wrong size,43.57
R000612,OI0008031,O005001,P029,2025-02-14,Wrong size,25.98
R000613,OI0008062,O005017,P031,2025-05-12,Changed mind,32.22
R000614,OI0008063,O005018,P013,2025-05-31,Arrived late,12.37
R000615,OI0008071,O005022,P083,2025-08-11,Defective,30.7
R000616,OI0008075,O005023,P005,2025-05-17,Arrived late,49.25
R000617,OI0008081,O005026,P028,2025-03-08,Changed mind,129.35
R000618,OI0008085,O005028,P054,2025-02-09,Changed mind,53.62
R000619,OI0008089,O005032,P028,2025-03-24,Damaged,258.7
R000620,OI0008090,O005032,P087,2025-03-07,Damaged,29.25
R000621,OI0008099,O005037,P017,2025-11-13,Damaged,37.88
R000622,OI0008123,O005048,P050,2025-09-29,Damaged,19.41
R000623,OI0008129,O005051,P055,2025-08-18,Damaged,69.18
R000624,OI0008130,O005052,P039,2025-04-13,Not as described,31.96
R000625,OI0008148,O005067,P106,2025-08-26,Defective,94.46
R000626,OI0008169,O005081,P037,2025-09-09,Damaged,33.58
R000627,OI0008189,O005092,P060,2025-07-26,Defective,41.59
R000628,OI0008190,O005092,P031,2025-08-02,Wrong size,32.22
R000629,OI0008198,O005098,P065,2025-08-18,Changed mind,41.82
R000630,OI0008200,O005099,P105,2025-11-14,Wrong size,73.93
R000631,OI0008213,O005108,P089,2025-09-29,Changed mind,26.52
R000632,OI0008216,O005111,P078,2025-04-15,Changed mind,34.46
R000633,OI0008219,O005113,P060,2025-11-10,Not as described,41.59
R000634,OI0008223,O005116,P045,2025-02-17,Damaged,60.76
R000635,OI0008243,O005123,P050,2025-09-18,Defective,19.41
R000636,OI0008257,O005132,P065,2025-11-03,Arrived late,41.82
R000637,OI0008269,O005138,P067,2025-12-17,Not as described,46.95
R000638,OI0008283,O005144,P041,2025-05-17,Changed mind,25.86
R000639,OI0008294,O005152,P017,2025-08-12,Wrong size,18.94
R000640,OI0008299,O005155,P040,2025-05-21,Wrong size,40.11
R000641,OI0008303,O005159,P071,2025-09-10,Wrong size,141.44
R000642,OI0008334,O005172,P093,2025-08-20,Defective,45.3
R000643,OI0008348,O005181,P088,2025-01-16,Defective,28.36
R000644,OI0008351,O005183,P096,2025-04-29,Not as described,86.58
R000645,OI0008357,O005188,P072,2026-01-03,Damaged,14.56
R000646,OI0008361,O005190,P051,2025-09-18,Damaged,11.22
R000647,OI0008374,O005199,P103,2026-01-08,Wrong size,65.04
R000648,OI0008388,O005204,P099,2025-09-23,Not as described,46.77
R000649,OI0008427,O005230,P019,2025-10-22,Wrong size,13.12
R000650,OI0008434,O005236,P025,2025-03-06,Changed mind,37.52
R000651,OI0008436,O005237,P063,2025-09-04,Wrong size,28.7
R000652,OI0008439,O005239,P109,2025-03-09,Defective,81.27
R000653,OI0008441,O005240,P070,2025-08-06,Defective,47.52
R000654,OI0008452,O005246,P050,2025-07-07,Arrived late,19.41
R000655,OI0008491,O005273,P085,2025-11-14,Wrong size,33.45
R000656,OI0008493,O005274,P017,2025-08-26,Not as described,18.94
R000657,OI0008497,O005277,P087,2025-11-24,Arrived late,29.25
R000658,OI0008503,O005280,P068,2025-09-23,Wrong size,29.23
R000659,OI0008508,O005282,P060,2025-03-25,Wrong size,41.59
R000660,OI0008528,O005296,P039,2025-11-20,Changed mind,31.96
R000661,OI0008530,O005297,P021,2025-05-13,Wrong size,51.23
R000662,OI0008541,O005304,P087,2025-11-19,Damaged,29.25
R000663,OI0008563,O005322,P038,2025-02-16,Not as described,64.8
R000664,OI0008588,O005337,P102,2025-10-05,Changed mind,56.61
R000665,OI0008650,O005374,P117,2025-12-17,Damaged,27.82
R000666,OI0008668,O005384,P104,2026-01-10,Not as described,44.1
R000667,OI0008680,O005392,P120,2025-07-09,Not as described,46.49
R000668,OI0008683,O005394,P106,2025-04-09,Changed mind,47.23
R000669,OI0008686,O005397,P057,2025-08-13,Changed mind,112.54
R000670,OI0008687,O005397,P031,2025-08-04,Damaged,32.22
R000671,OI0008708,O005406,P045,2025-03-23,Arrived late,30.38
R000672,OI0008711,O005407,P078,2025-09-07,Wrong size,34.46
R000673,OI0008721,O005414,P034,2025-06-26,Not as described,35.52
R000674,OI0008736,O005425,P041,2025-06-04,Arrived late,25.86
R000675,OI0008743,O005429,P014,2026-01-08,Changed mind,102.77
R000676,OI0008794,O005460,P098,2025-12-29,Wrong size,57.37
R000677,OI0008799,O005463,P003,2025-08-07,Arrived late,36.05
R000678,OI0008804,O005466,P011,2025-03-02,Not as described,39.95
R000679,OI0008823,O005478,P032,2025-04-26,Wrong size,17.4
R000680,OI0008831,O005485,P062,2025-06-07,Wrong size,106.32
R000681,OI0008835,O005486,P093,2025-02-09,Arrived late,45.3
R000682,OI0008847,O005494,P088,2025-09-08,Wrong size,28.36
R000683,OI0008879,O005514,P064,2025-08-24,Arrived late,16.79
R000684,OI0008884,O005517,P109,2025-10-25,Not as described,81.27
R000685,OI0008892,O005521,P034,2025-07-16,Arrived late,35.52
R000686,OI0008901,O005528,P072,2025-05-01,Wrong size,29.12
R000687,OI0008936,O005550,P087,2025-08-24,Changed mind,29.25
R000688,OI0008945,O005556,P053,2025-01-20,Wrong size,40.97
R000689,OI0008980,O005577,P026,2025-09-06,Not as described,27.66
R000690,OI0009009,O005594,P025,2025-01-28,Changed mind,37.52
R000691,OI0009025,O005604,P050,2025-06-28,Changed mind,19.41
R000692,OI0009030,O005609,P096,2025-07-23,Arrived late,86.58
R000693,OI0009040,O005614,P015,2025-05-17,Changed mind,31.17
R000694,OI0009042,O005614,P028,2025-05-06,Wrong size,129.35
R000695,OI0009049,O005619,P039,2025-11-01,Changed mind,95.88
R000696,OI0009052,O005621,P030,2025-11-04,Wrong size,57.05
R000697,OI0009066,O005628,P030,2025-02-20,Wrong size,57.05
R000698,OI0009096,O005645,P055,2025-11-06,Changed mind,69.18
R000699,OI0009101,O005649,P017,2025-06-03,Wrong size,18.94
R000700,OI0009109,O005652,P094,2025-05-06,Arrived late,17.7
R000701,OI0009111,O005654,P051,2025-06-03,Defective,11.22
R000702,OI0009119,O005659,P062,2025-04-29,Wrong size,53.16
R000703,OI0009120,O005660,P017,2025-05-04,Wrong size,18.94
R000704,OI0009139,O005672,P030,2025-01-30,Changed mind,57.05
R000705,OI0009140,O005673,P017,2025-03-19,Damaged,37.88
R000706,OI0009145,O005675,P104,2025-03-08,Damaged,44.1
R000707,OI0009155,O005681,P031,2025-07-12,Changed mind,32.22
R000708,OI0009158,O005684,P110,2025-08-25,Defective,82.9
R000709,OI0009163,O005688,P066,2025-01-21,Wrong size,69.34
R000710,OI0009170,O005691,P087,2025-08-06,Changed mind,58.5
R000711,OI0009175,O005693,P083,2025-07-22,Changed mind,61.4
R000712,OI0009186,O005699,P047,2025-12-22,Changed mind,23.25
R000713,OI0009199,O005705,P001,2025-01-23,Not as described,66.04
R000714,OI0009238,O005726,P069,2025-06-09,Damaged,24.0
R000715,OI0009248,O005730,P052,2025-11-13,Wrong size,44.73
R000716,OI0009257,O005738,P017,2025-10-06,Changed mind,18.94
R000717,OI0009269,O005746,P006,2025-08-15,Not as described,264.42
R000718,OI0009307,O005769,P060,2026-01-08,Defective,41.59
R000719,OI0009334,O005783,P051,2026-01-01,Wrong size,11.22
R000720,OI0009343,O005789,P106,2025-01-12,Damaged,47.23
R000721,OI0009361,O005801,P024,2025-10-27,Changed mind,84.49
R000722,OI0009367,O005806,P021,2025-08-10,Damaged,51.23
R000723,OI0009373,O005811,P104,2025-04-07,Damaged,44.1
R000724,OI0009375,O005811,P080,2025-04-05,Not as described,64.69
R000725,OI0009385,O005817,P035,2025-08-02,Changed mind,23.65
R000726,OI0009388,O005819,P106,2025-05-29,Wrong size,47.23
R000727,OI0009396,O005825,P112,2025-07-03,Changed mind,35.49
R000728,OI0009402,O005830,P053,2025-04-04,Not as described,40.97
R000729,OI0009403,O005831,P085,2025-04-04,Wrong size,22.3
R000730,OI0009416,O005841,P085,2025-08-17,Not as described,11.15
R000731,OI0009438,O005855,P039,2025-01-10,Wrong size,95.88
R000732,OI0009440,O005857,P006,2025-02-01,Wrong size,132.21
R000733,OI0009449,O005862,P065,2025-09-04,Changed mind,41.82
R000734,OI0009457,O005866,P081,2025-07-31,Arrived late,45.46
R000735,OI0009458,O005867,P016,2025-04-13,Damaged,59.7
R000736,OI0009476,O005876,P101,2025-02-27,Wrong size,43.91
R000737,OI0009483,O005880,P042,2025-09-20,Wrong size,41.11
R000738,OI0009490,O005884,P017,2026-01-17,Defective,37.88
R000739,OI0009506,O005893,P009,2025-02-25,Changed mind,37.92
R000740,OI0009509,O005896,P016,2025-10-08,Changed mind,59.7
R000741,OI0009525,O005909,P028,2025-04-04,Changed mind,129.35
R000742,OI0009526,O005909,P050,2025-03-26,Defective,19.41
R000743,OI0009549,O005924,P056,2025-07-08,Wrong size,18.69
R000744,OI0009574,O005939,P118,2025-03-22,Wrong size,22.9
R000745,OI0009576,O005941,P064,2025-02-19,Changed mind,16.79
R000746,OI0009579,O005943,P008,2025-01-16,Changed mind,46.52
R000747,OI0009581,O005943,P032,2025-02-01,Changed mind,17.4
R000748,OI0009588,O005947,P009,2025-10-15,Changed mind,37.92
R000749,OI0009613,O005961,P009,2025-08-24,Not as described,37.92
R000750,OI0009626,O005969,P087,2025-06-25,Not as described,29.25
R000751,OI0009630,O005971,P021,2025-04-07,Arrived late,51.23
R000752,OI0009631,O005972,P013,2025-05-05,Damaged,12.37
R000753,OI0009680,O006004,P056,2025-01-14,Wrong size,18.69
R000754,OI0009684,O006007,P105,2025-03-18,Wrong size,73.93
R000755,OI0009688,O006010,P051,2025-12-16,Damaged,11.22
R000756,OI0009693,O006013,P090,2025-04-10,Arrived late,55.52
R000757,OI0009699,O006019,P074,2025-12-11,Wrong size,65.8
R000758,OI0009701,O006021,P104,2025-09-09,Changed mind,44.1
R000759,OI0009726,O006037,P040,2025-09-23,Arrived late,40.11
R000760,OI0009729,O006037,P019,2025-10-04,Wrong size,13.12
R000761,OI0009734,O006039,P043,2025-08-16,Defective,23.06
R000762,OI0009742,O006045,P056,2025-11-05,Arrived late,18.69
R000763,OI0009762,O006059,P030,2025-02-21,Wrong size,57.05
R000764,OI0009772,O006068,P095,2025-10-23,Defective,69.05
R000765,OI0009789,O006079,P028,2026-01-16,Wrong size,129.35
R000766,OI0009838,O006109,P114,2025-12-08,Not as described,27.37
R000767,OI0009896,O006142,P032,2025-04-11,Changed mind,34.8
R000768,OI0009907,O006148,P043,2025-08-31,Wrong size,23.06
R000769,OI0009914,O006152,P008,2025-10-18,Damaged,46.52
R000770,OI0009929,O006160,P012,2025-03-05,Wrong size,102.64
R000771,OI0009930,O006160,P120,2025-03-07,Changed mind,46.49
R000772,OI0009938,O006167,P017,2025-05-31,Wrong size,18.94
R000773,OI0009948,O006173,P105,2025-09-09,Changed mind,147.86
R000774,OI0009961,O006182,P109,2025-08-01,Arrived late,162.54
R000775,OI0009975,O006192,P064,2025-02-12,Wrong size,16.79
R000776,OI0009976,O006192,P025,2025-03-01,Wrong size,37.52
R000777,OI0009982,O006195,P067,2025-07-26,Changed mind,46.95
R000778,OI0009989,O006198,P017,2025-09-20,Wrong size,56.82
R000779,OI0009999,O006205,P046,2025-09-27,Arrived late,38.99
R000780,OI0010003,O006208,P019,2025-04-14,Not as described,13.12
R000781,OI0010011,O006211,P002,2025-12-24,Changed mind,30.14
R000782,OI0010014,O006212,P025,2025-07-02,Not as described,37.52
R000783,OI0010023,O006218,P038,2025-12-24,Changed mind,129.6
R000784,OI0010026,O006218,P032,2025-12-17,Arrived late,17.4
R000785,OI0010045,O006230,P011,2025-11-29,Wrong size,39.95
R000786,OI0010048,O006233,P015,2025-05-19,Not as described,31.17
R000787,OI0010050,O006235,P090,2025-06-10,Damaged,111.04
R000788,OI0010054,O006238,P060,2025-09-01,Arrived late,41.59
R000789,OI0010084,O006254,P017,2025-02-11,Not as described,18.94
R000790,OI0010085,O006255,P104,2025-12-14,Changed mind,44.1
R000791,OI0010091,O006259,P104,2025-06-22,Wrong size,44.1
R000792,OI0010096,O006261,P048,2025-05-02,Wrong size,37.04
R000793,OI0010098,O006262,P104,2025-11-29,Arrived late,44.1
R000794,OI0010102,O006264,P071,2025-02-12,Arrived late,282.88
R000795,OI0010107,O006268,P111,2025-10-08,Changed mind,29.11
R000796,OI0010110,O006270,P045,2025-01-31,Changed mind,30.38
R000797,OI0010114,O006273,P047,2025-10-17,Wrong size,23.25
R000798,OI0010117,O006276,P103,2025-07-17,Arrived late,65.04
R000799,OI0010119,O006277,P003,2025-02-02,Damaged,72.1
R000800,OI0010122,O006280,P007,2025-05-05,Changed mind,119.97
R000801,OI0010125,O006281,P117,2025-04-15,Changed mind,55.64
R000802,OI0010131,O006285,P080,2025-06-22,Arrived late,64.69
R000803,OI0010141,O006291,P008,2025-11-04,Changed mind,93.04
R000804,OI0010158,O006304,P058,2025-02-10,Damaged,47.56
R000805,OI0010195,O006327,P093,2025-05-18,Wrong size,45.3
R000806,OI0010196,O006327,P037,2025-05-14,Arrived late,33.58
R000807,OI0010206,O006335,P017,2025-05-09,Wrong size,18.94
R000808,OI0010224,O006345,P102,2025-05-01,Damaged,56.61
R000809,OI0010240,O006356,P024,2025-02-22,Wrong size,84.49
R000810,OI0010260,O006370,P045,2026-01-02,Wrong size,30.38
R000811,OI0010269,O006377,P019,2025-12-21,Not as described,13.12
R000812,OI0010299,O006396,P078,2025-04-30,Wrong size,34.46
R000813,OI0010301,O006398,P072,2025-11-03,Wrong size,14.56
R000814,OI0010313,O006405,P052,2025-09-13,Wrong size,89.46
R000815,OI0010326,O006412,P049,2025-12-17,Damaged,42.57
R000816,OI0010328,O006413,P092,2025-10-20,Changed mind,58.39
R000817,OI0010334,O006419,P007,2026-01-16,Arrived late,39.99
R000818,OI0010335,O006420,P009,2025-07-11,Wrong size,37.92
R000819,OI0010338,O006421,P038,2025-04-25,Changed mind,64.8
R000820,OI0010342,O006424,P037,2025-05-21,Wrong size,33.58
R000821,OI0010343,O006425,P030,2025-02-21,Damaged,57.05
R000822,OI0010349,O006428,P020,2025-11-05,Wrong size,90.9
R000823,OI0010368,O006437,P037,2025-09-07,Not as described,33.58
R000824,OI0010369,O006438,P017,2025-12-03,Not as described,18.94
R000825,OI0010386,O006448,P087,2025-08-02,Arrived late,87.75
R000826,OI0010392,O006451,P089,2025-08-01,Arrived late,26.52
R000827,OI0010416,O006467,P005,2025-04-17,Changed mind,49.25
R000828,OI0010435,O006479,P051,2025-09-03,Wrong size,22.44
R000829,OI0010447,O006485,P017,2025-04-07,Defective,18.94
R000830,OI0010457,O006491,P006,2025-02-13,Damaged,132.21
R000831,OI0010458,O006491,P104,2025-02-13,Arrived late,88.2
R000832,OI0010459,O006492,P095,2025-03-16,Wrong size,207.15
R000833,OI0010467,O006497,P083,2025-01-11,Not as described,30.7
R000834,OI0010492,O006514,P092,2025-06-01,Wrong size,58.39
R000835,OI0010507,O006523,P017,2025-11-25,Arrived late,56.82
R000836,OI0010509,O006524,P088,2025-11-13,Arrived late,28.36
R000837,OI0010522,O006530,P030,2025-11-29,Wrong size,57.05
R000838,OI0010526,O006532,P116,2026-01-18,Changed mind,38.35
R000839,OI0010559,O006549,P066,2025-09-17,Wrong size,69.34
R000840,OI0010585,O006567,P106,2025-05-01,Not as described,47.23
R000841,OI0010598,O006572,P022,2025-06-03,Changed mind,43.57
R000842,OI0010614,O006580,P010,2025-03-06,Arrived late,44.59
R000843,OI0010615,O006580,P019,2025-03-15,Wrong size,13.12
R000844,OI0010628,O006589,P040,2026-01-13,Arrived late,40.11
R000845,OI0010634,O006593,P010,2025-07-07,Damaged,44.59
R000846,OI0010672,O006613,P089,2025-08-15,Arrived late,26.52
R000847,OI0010693,O006631,P007,2025-03-27,Damaged,39.99
R000848,OI0010698,O006634,P096,2025-06-28,Changed mind,86.58
R000849,OI0010701,O006636,P017,2025-07-13,Defective,37.88
R000850,OI0010702,O006637,P043,2025-03-17,Changed mind,23.06
R000851,OI0010710,O006643,P048,2025-01-22,Changed mind,74.08
R000852,OI0010729,O006656,P092,2025-10-27,Wrong size,58.39
R000853,OI0010731,O006657,P088,2025-06-04,Wrong size,85.08
R000854,OI0010736,O006661,P090,2025-07-30,Wrong size,55.52
R000855,OI0010740,O006662,P088,2025-08-18,Arrived late,28.36
R000856,OI0010754,O006673,P114,2025-07-29,Damaged,27.37
R000857,OI0010762,O006680,P088,2025-11-01,Changed mind,28.36
R000858,OI0010763,O006681,P045,2025-08-22,Not as described,30.38
R000859,OI0010764,O006682,P017,2025-05-16,Wrong size,18.94
R000860,OI0010772,O006689,P043,2025-05-02,Wrong size,23.06
R000861,OI0010774,O006690,P014,2025-12-19,Not as described,102.77
R000862,OI0010794,O006705,P104,2025-06-15,Arrived late,44.1
R000863,OI0010803,O006710,P040,2025-06-24,Defective,40.11
R000864,OI0010821,O006721,P088,2025-09-04,Damaged,28.36
R000865,OI0010854,O006741,P104,2025-02-08,Damaged,88.2
R000866,OI0010876,O006754,P096,2025-04-28,Not as described,86.58
R000867,OI0010901,O006770,P070,2025-04-03,Changed mind,95.04
R000868,OI0010912,O006777,P010,2025-01-29,Damaged,44.59
R000869,OI0010919,O006782,P118,2025-09-28,Wrong size,45.8
R000870,OI0010921,O006783,P034,2025-04-14,Not as described,35.52
R000871,OI0010930,O006787,P117,2025-08-03,Wrong size,27.82
R000872,OI0010935,O006791,P025,2025-05-13,Changed mind,37.52
R000873,OI0010946,O006799,P080,2025-08-14,Wrong size,64.69
R000874,OI0010963,O006806,P090,2025-08-06,Wrong size,55.52
R000875,OI0010970,O006812,P032,2025-09-30,Defective,17.4
R000876,OI0010995,O006827,P105,2025-01-14,Changed mind,73.93
R000877,OI0010998,O006830,P018,2025-12-07,Not as described,12.14
R000878,OI0011023,O006845,P088,2025-03-30,Arrived late,56.72
R000879,OI0011029,O006849,P059,2025-11-18,Defective,68.57
R000880,OI0011049,O006857,P038,2025-02-17,Arrived late,64.8
R000881,OI0011057,O006864,P078,2025-05-16,Changed mind,34.46
R000882,OI0011063,O006867,P080,2025-08-27,Damaged,64.69
R000883,OI0011064,O006867,P010,2025-08-28,Not as described,44.59
R000884,OI0011085,O006881,P052,2025-08-28,Changed mind,44.73
R000885,OI0011102,O006892,P078,2025-05-01,Defective,68.92
R000886,OI0011145,O006916,P114,2025-06-12,Wrong size,54.74
R000887,OI0011150,O006918,P017,2025-04-22,Changed mind,18.94
R000888,OI0011159,O006924,P104,2025-08-20,Defective,88.2
R000889,OI0011172,O006929,P056,2026-01-07,Wrong size,18.69
R000890,OI0011196,O006944,P098,2025-10-06,Changed mind,57.37
R000891,OI0011199,O006946,P102,2025-05-16,Damaged,56.61
R000892,OI0011201,O006947,P017,2026-01-08,Arrived late,18.94
R000893,OI0011204,O006948,P009,2025-11-18,Arrived late,75.84
R000894,OI0011232,O006966,P091,2025-09-10,Arrived late,113.67
R000895,OI0011237,O006968,P017,2026-01-20,Wrong size,18.94
R000896,OI0011240,O006970,P007,2025-05-20,Not as described,39.99
R000897,OI0011252,O006979,P056,2026-01-10,Changed mind,18.69
R000898,OI0011259,O006982,P046,2025-05-21,Not as described,77.98
R000899,OI0011260,O006983,P027,2025-06-03,Wrong size,12.05
R000900,OI0011273,O006990,P014,2025-12-12,Arrived late,102.77
R000901,OI0011279,O006994,P017,2025-12-11,Wrong size,18.94
R000902,OI0011297,O007006,P116,2025-08-24,Not as described,38.35
R000903,OI0011304,O007012,P114,2025-08-25,Wrong size,27.37
R000904,OI0011312,O007018,P002,2025-11-15,Damaged,30.14
R000905,OI0011315,O007019,P104,2025-06-13,Damaged,44.1
R000906,OI0011333,O007031,P102,2025-10-12,Arrived late,56.61
R000907,OI0011336,O007032,P005,2025-07-03,Changed mind,49.25
R000908,OI0011341,O007037,P078,2025-10-22,Changed mind,34.46
R000909,OI0011355,O007045,P081,2025-07-10,Changed mind,22.73
R000910,OI0011359,O007046,P054,2025-02-22,Wrong size,107.24
R000911,OI0011369,O007054,P088,2025-02-18,Wrong size,28.36
R000912,OI0011385,O007067,P099,2025-08-19,Changed mind,46.77
R000913,OI0011390,O007070,P075,2025-01-21,Changed mind,44.36
R000914,OI0011435,O007097,P034,2025-03-22,Changed mind,35.52
R000915,OI0011440,O007101,P018,2025-04-09,Wrong size,12.14
R000916,OI0011451,O007108,P067,2025-11-25,Changed mind,46.95
R000917,OI0011464,O007119,P006,2025-03-21,Arrived late,132.21
R000918,OI0011472,O007123,P054,2025-09-21,Damaged,53.62
R000919,OI0011486,O007133,P079,2025-09-25,Wrong size,23.65
R000920,OI0011496,O007139,P100,2025-10-20,Wrong size,26.88
R000921,OI0011504,O007144,P020,2025-09-04,Damaged,60.6
R000922,OI0011530,O007159,P004,2025-03-29,Damaged,133.0
R000923,OI0011531,O007160,P076,2025-11-22,Not as described,76.56
R000924,OI0011537,O007165,P099,2025-08-03,Not as described,93.54
R000925,OI0011554,O007175,P058,2025-09-17,Not as described,47.56
R000926,OI0011566,O007183,P116,2025-07-14,Arrived late,38.35
R000927,OI0011569,O007184,P111,2025-03-06,Wrong size,29.11
R000928,OI0011580,O007192,P005,2025-05-26,Not as described,49.25
R000929,OI0011583,O007195,P025,2025-05-21,Not as described,112.56
R000930,OI0011594,O007203,P090,2025-12-02,Defective,55.52
R000931,OI0011616,O007214,P085,2025-03-17,Not as described,11.15
R000932,OI0011617,O007214,P045,2025-03-06,Damaged,30.38
R000933,OI0011620,O007216,P055,2025-02-23,Defective,69.18
R000934,OI0011621,O007217,P067,2025-04-19,Changed mind,46.95
R000935,OI0011659,O007238,P115,2025-01-21,Defective,42.04
R000936,OI0011689,O007255,P022,2025-06-09,Changed mind,43.57
R000937,OI0011717,O007270,P063,2025-12-02,Wrong size,28.7
R000938,OI0011723,O007274,P030,2025-09-19,Wrong size,57.05
R000939,OI0011738,O007282,P083,2025-03-24,Wrong size,30.7
R000940,OI0011743,O007285,P045,2025-03-02,Changed mind,30.38
R000941,OI0011746,O007288,P088,2025-05-22,Wrong size,28.36
R000942,OI0011756,O007295,P006,2025-12-13,Arrived late,132.21
R000943,OI0011763,O007300,P058,2025-01-16,Wrong size,47.56
R000944,OI0011774,O007306,P104,2025-09-05,Defective,88.2
R000945,OI0011782,O007312,P012,2025-02-06,Changed mind,51.32
R000946,OI0011799,O007323,P067,2026-01-06,Wrong size,46.95
R000947,OI0011814,O007331,P006,2025-10-26,Wrong size,132.21
R000948,OI0011837,O007347,P087,2025-08-10,Wrong size,29.25
R000949,OI0011846,O007354,P011,2025-08-19,Not as described,39.95
R000950,OI0011865,O007365,P017,2025-11-13,Changed mind,18.94
R000951,OI0011884,O007376,P017,2025-04-26,Wrong size,18.94
R000952,OI0011885,O007377,P045,2025-05-31,Arrived late,30.38
R000953,OI0011895,O007383,P074,2025-10-02,Wrong size,32.9
R000954,OI0011912,O007395,P018,2025-05-10,Arrived late,12.14
R000955,OI0011928,O007405,P120,2025-03-17,Changed mind,46.49
R000956,OI0011930,O007406,P053,2025-08-27,Wrong size,40.97
R000957,OI0011965,O007424,P004,2025-02-19,Changed mind,66.5
R000958,OI0011968,O007425,P006,2025-08-23,Changed mind,132.21
R000959,OI0011970,O007426,P088,2025-07-07,Wrong size,28.36
R000960,OI0011987,O007438,P055,2025-11-03,Defective,69.18
R000961,OI0012004,O007447,P020,2025-05-09,Changed mind,30.3
R000962,OI0012015,O007453,P073,2025-05-30,Not as described,45.97
R000963,OI0012025,O007460,P009,2025-07-18,Wrong size,37.92
R000964,OI0012032,O007462,P017,2025-10-26,Arrived late,18.94
R000965,OI0012038,O007465,P003,2025-01-18,Not as described,36.05
R000966,OI0012046,O007472,P008,2025-09-13,Wrong size,46.52
R000967,OI0012066,O007486,P043,2025-09-16,Damaged,46.12
R000968,OI0012080,O007495,P111,2025-09-22,Wrong size,29.11
R000969,OI0012082,O007496,P104,2025-10-23,Wrong size,44.1
R000970,OI0012093,O007505,P021,2025-08-11,Damaged,51.23
R000971,OI0012099,O007510,P039,2025-01-22,Wrong size,31.96
R000972,OI0012103,O007514,P088,2025-09-16,Damaged,28.36
R000973,OI0012147,O007543,P006,2025-05-28,Damaged,264.42
R000974,OI0012161,O007551,P119,2025-04-19,Wrong size,34.08
R000975,OI0012171,O007558,P039,2025-06-17,Not as described,31.96
R000976,OI0012173,O007560,P081,2025-02-27,Arrived late,22.73
R000977,OI0012183,O007565,P021,2025-10-13,Arrived late,51.23
R000978,OI0012205,O007581,P015,2025-04-08,Wrong size,62.34
R000979,OI0012211,O007585,P009,2025-02-17,Arrived late,37.92
R000980,OI0012215,O007587,P100,2025-06-21,Defective,26.88
R000981,OI0012216,O007588,P016,2025-05-27,Arrived late,59.7
R000982,OI0012236,O007601,P017,2025-03-20,Arrived late,18.94
R000983,OI0012237,O007601,P067,2025-03-21,Wrong size,46.95
R000984,OI0012247,O007607,P047,2025-11-18,Changed mind,23.25
R000985,OI0012281,O007626,P091,2025-03-22,Arrived late,37.89
R000986,OI0012292,O007633,P017,2025-02-23,Wrong size,18.94
R000987,OI0012319,O007649,P056,2025-02-12,Changed mind,18.69
R000988,OI0012340,O007662,P045,2025-03-01,Not as described,30.38
R000989,OI0012359,O007673,P079,2025-03-27,Damaged,23.65
R000990,OI0012361,O007674,P054,2025-11-18,Damaged,107.24
R000991,OI0012382,O007686,P046,2025-02-17,Wrong size,38.99
R000992,OI0012383,O007686,P054,2025-02-27,Arrived late,53.62
R000993,OI0012397,O007696,P005,2025-04-06,Changed mind,49.25
R000994,OI0012408,O007703,P047,2025-05-14,Wrong size,23.25
R000995,OI0012419,O007708,P017,2025-12-28,Wrong size,18.94
R000996,OI0012436,O007720,P088,2025-04-30,Arrived late,28.36
R000997,OI0012444,O007723,P096,2025-09-07,Wrong size,86.58
R000998,OI0012446,O007725,P047,2025-12-23,Not as described,23.25
R000999,OI0012452,O007726,P090,2025-03-10,Arrived late,55.52
R001000,OI0012461,O007729,P016,2025-06-09,Wrong size,59.7
R001001,OI0012497,O007752,P074,2025-08-17,Not as described,98.7
R001002,OI0012501,O007754,P001,2025-01-31,Defective,66.04
R001003,OI0012502,O007755,P088,2025-03-31,Wrong size,28.36
R001004,OI0012514,O007761,P031,2025-05-22,Changed mind,32.22
R001005,OI0012572,O007799,P032,2025-02-01,Changed mind,17.4
R001006,OI0012586,O007806,P026,2025-05-16,Not as described,27.66
R001007,OI0012589,O007809,P069,2025-06-17,Not as described,24.0
R001008,OI0012604,O007818,P115,2025-10-16,Arrived late,42.04
R001009,OI0012635,O007839,P097,2025-09-24,Defective,20.46
R001010,OI0012638,O007840,P104,2025-01-27,Not as described,44.1
R001011,OI0012644,O007843,P057,2025-04-28,Wrong size,112.54
R001012,OI0012671,O007862,P047,2025-04-24,Defective,23.25
R001013,OI0012674,O007863,P066,2025-12-19,Changed mind,34.67
R001014,OI0012678,O007866,P019,2025-01-08,Wrong size,13.12
R001015,OI0012710,O007889,P085,2025-01-28,Changed mind,11.15
R001016,OI0012724,O007896,P106,2026-01-11,Wrong size,47.23
R001017,OI0012729,O007898,P088,2025-07-09,Arrived late,28.36
R001018,OI0012732,O007899,P069,2025-03-12,Wrong size,24.0
R001019,OI0012733,O007899,P073,2025-03-20,Defective,45.97
R001020,OI0012749,O007908,P020,2025-10-29,Not as described,30.3
R001021,OI0012753,O007912,P105,2025-01-21,Damaged,73.93
R001022,OI0012759,O007916,P017,2025-07-03,Changed mind,18.94
R001023,OI0012792,O007938,P056,2025-07-08,Damaged,18.69
R001024,OI0012804,O007944,P006,2025-03-12,Changed mind,132.21
R001025,OI0012806,O007944,P011,2025-03-17,Defective,39.95
R001026,OI0012815,O007951,P080,2025-02-09,Changed mind,64.69
R001027,OI0012829,O007960,P033,2025-09-08,Not as described,87.02
R001028,OI0012831,O007961,P112,2025-04-21,Damaged,35.49
R001029,OI0012845,O007968,P017,2025-11-27,Not as described,37.88
R001030,OI0012846,O007968,P095,2025-11-21,Changed mind,69.05
R001031,OI0012854,O007974,P058,2025-10-22,Changed mind,47.56
R001032,OI0012864,O007979,P021,2025-09-12,Wrong size,102.46
R001033,OI0012893,O007994,P120,2025-03-31,Changed mind,46.49
R001034,OI0012899,O007998,P021,2025-10-03,Defective,51.23
R001035,OI0012922,O008010,P035,2025-12-15,Changed mind,23.65
R001036,OI0012934,O008018,P049,2025-05-17,Wrong size,42.57
R001037,OI0012947,O008024,P004,2025-03-28,Arrived late,66.5
R001038,OI0012952,O008026,P067,2025-12-27,Wrong size,46.95
R001039,OI0012960,O008033,P041,2025-08-07,Wrong size,25.86
R001040,OI0012966,O008036,P083,2025-10-13,Not as described,61.4
R001041,OI0012973,O008041,P037,2025-07-16,Not as described,33.58
R001042,OI0012983,O008045,P043,2025-05-03,Damaged,46.12
R001043,OI0012988,O008049,P112,2025-07-24,Wrong size,70.98
R001044,OI0012993,O008051,P118,2025-05-17,Defective,22.9
R001045,OI0013002,O008056,P090,2025-11-24,Damaged,55.52
R001046,OI0013024,O008070,P089,2025-03-15,Wrong size,26.52
R001047,OI0013028,O008074,P053,2025-02-27,Wrong size,40.97
R001048,OI0013041,O008081,P041,2025-03-19,Changed mind,25.86
R001049,OI0013044,O008081,P102,2025-03-20,Changed mind,56.61
R001050,OI0013047,O008083,P036,2025-07-15,Wrong size,33.1
R001051,OI0013051,O008086,P105,2025-05-12,Arrived late,73.93
R001052,OI0013052,O008087,P015,2025-12-01,Changed mind,31.17
R001053,OI0013058,O008090,P114,2025-11-01,Not as described,27.37
R001054,OI0013061,O008092,P022,2025-05-28,Defective,43.57
R001055,OI0013065,O008093,P059,2025-09-10,Wrong size,68.57
R001056,OI0013103,O008116,P031,2025-04-27,Damaged,32.22
R001057,OI0013110,O008123,P117,2025-06-01,Defective,27.82
R001058,OI0013114,O008126,P069,2025-03-25,Defective,24.0
R001059,OI0013115,O008127,P111,2026-01-14,Wrong size,29.11
R001060,OI0013142,O008146,P008,2025-08-12,Wrong size,93.04
R001061,OI0013143,O008147,P051,2025-10-16,Not as described,11.22
R001062,OI0013166,O008162,P017,2025-07-24,Wrong size,18.94
R001063,OI0013212,O008193,P052,2025-12-21,Not as described,44.73
R001064,OI0013220,O008198,P028,2025-01-20,Not as described,129.35
R001065,OI0013243,O008211,P009,2025-10-30,Damaged,37.92
R001066,OI0013249,O008214,P107,2025-10-20,Defective,52.87
R001067,OI0013253,O008217,P111,2025-12-01,Defective,29.11
R001068,OI0013256,O008218,P033,2025-07-20,Damaged,174.04
R001069,OI0013284,O008234,P088,2025-09-15,Changed mind,28.36
R001070,OI0013293,O008240,P099,2025-09-29,Wrong size,46.77
R001071,OI0013305,O008249,P070,2025-10-07,Changed mind,47.52
R001072,OI0013307,O008251,P102,2025-02-23,Changed mind,56.61
R001073,OI0013309,O008253,P095,2025-02-05,Wrong size,69.05
R001074,OI0013319,O008260,P088,2025-03-07,Wrong size,28.36
R001075,OI0013330,O008266,P114,2025-06-18,Damaged,27.37
R001076,OI0013335,O008269,P114,2025-08-21,Arrived late,27.37
R001077,OI0013337,O008271,P104,2025-08-04,Damaged,44.1
R001078,OI0013340,O008273,P110,2025-09-18,Wrong size,82.9
R001079,OI0013371,O008288,P088,2025-10-26,Damaged,28.36
R001080,OI0013401,O008306,P014,2025-07-18,Not as described,102.77
R001081,OI0013403,O008306,P107,2025-07-11,Wrong size,52.87
R001082,OI0013418,O008316,P088,2025-12-07,Arrived late,28.36
R001083,OI0013442,O008333,P085,2025-09-03,Damaged,11.15
R001084,OI0013452,O008337,P012,2025-10-18,Damaged,102.64
R001085,OI0013468,O008347,P079,2025-08-19,Not as described,23.65
R001086,OI0013489,O008361,P031,2025-05-23,Changed mind,32.22
R001087,OI0013501,O008367,P115,2025-01-27,Arrived late,42.04
R001088,OI0013508,O008372,P038,2025-07-24,Wrong size,64.8
R001089,OI0013520,O008380,P060,2025-03-19,Defective,41.59
R001090,OI0013540,O008395,P035,2025-08-24,Damaged,23.65
R001091,OI0013562,O008409,P011,2025-08-07,Damaged,39.95
R001092,OI0013579,O008420,P106,2025-07-31,Wrong size,47.23
R001093,OI0013592,O008429,P004,2025-03-26,Wrong size,133.0
R001094,OI0013606,O008438,P051,2025-11-18,Damaged,11.22
R001095,OI0013609,O008440,P109,2025-08-31,Not as described,81.27
R001096,OI0013619,O008446,P065,2025-02-27,Damaged,41.82
R001097,OI0013637,O008460,P028,2025-01-22,Damaged,129.35
R001098,OI0013648,O008467,P085,2025-07-20,Arrived late,22.3
R001099,OI0013664,O008478,P097,2026-01-09,Damaged,20.46
R001100,OI0013665,O008479,P085,2025-06-20,Defective,11.15
R001101,OI0013675,O008482,P070,2025-07-05,Not as described,47.52
R001102,OI0013695,O008496,P005,2025-03-08,Not as described,49.25
R001103,OI0013707,O008504,P112,2025-11-05,Defective,35.49
R001104,OI0013708,O008505,P064,2025-03-14,Not as described,33.58
R001105,OI0013732,O008516,P043,2025-09-24,Wrong size,23.06
R001106,OI0013736,O008519,P090,2025-08-13,Arrived late,55.52
R001107,OI0013757,O008531,P028,2025-05-19,Changed mind,129.35
R001108,OI0013816,O008568,P039,2025-06-09,Wrong size,63.92
R001109,OI0013833,O008576,P033,2025-12-23,Not as described,87.02
R001110,OI0013847,O008583,P107,2025-07-20,Damaged,52.87
R001111,OI0013877,O008601,P047,2025-10-14,Defective,23.25
R001112,OI0013905,O008620,P080,2025-12-25,Arrived late,64.69
R001113,OI0013938,O008637,P116,2025-04-25,Damaged,115.05
R001114,OI0013939,O008638,P024,2025-06-14,Damaged,84.49
R001115,OI0013943,O008640,P073,2025-02-12,Defective,45.97
R001116,OI0013944,O008641,P100,2025-02-26,Damaged,26.88
R001117,OI0013969,O008658,P092,2025-04-28,Wrong size,58.39
R001118,OI0013977,O008662,P007,2025-12-10,Not as described,39.99
R001119,OI0013983,O008668,P013,2025-05-07,Wrong size,12.37
R001120,OI0013999,O008679,P083,2025-08-18,Changed mind,30.7
R001121,OI0014008,O008683,P073,2025-09-24,Defective,91.94
R001122,OI0014011,O008685,P067,2025-07-29,Wrong size,46.95
R001123,OI0014026,O008694,P110,2025-05-25,Arrived late,165.8
R001124,OI0014033,O008699,P062,2025-09-04,Wrong size,53.16
R001125,OI0014042,O008705,P099,2025-08-24,Wrong size,46.77
R001126,OI0014045,O008707,P050,2025-11-04,Changed mind,19.41
R001127,OI0014051,O008710,P079,2025-01-29,Wrong size,23.65
R001128,OI0014056,O008714,P017,2025-05-03,Arrived late,18.94
R001129,OI0014063,O008718,P108,2025-02-11,Not as described,34.32
R001130,OI0014067,O008720,P022,2025-12-01,Changed mind,43.57
R001131,OI0014069,O008722,P035,2025-08-09,Wrong size,23.65
R001132,OI0014071,O008723,P093,2025-09-22,Changed mind,45.3
R001133,OI0014076,O008726,P072,2025-11-13,Changed mind,14.56
R001134,OI0014079,O008728,P099,2025-04-03,Arrived late,46.77
R001135,OI0014088,O008733,P116,2025-12-24,Arrived late,38.35
R001136,OI0014099,O008740,P073,2025-12-04,Wrong size,45.97
R001137,OI0014129,O008760,P062,2025-06-24,Arrived late,106.32
R001138,OI0014176,O008789,P006,2025-01-21,Not as described,396.63
R001139,OI0014223,O008821,P050,2025-07-07,Not as described,19.41
R001140,OI0014224,O008822,P025,2025-02-16,Arrived late,37.52
R001141,OI0014225,O008823,P086,2025-09-28,Changed mind,161.64
R001142,OI0014238,O008832,P009,2025-09-16,Defective,75.84
R001143,OI0014242,O008835,P088,2025-07-28,Wrong size,28.36
R001144,OI0014250,O008840,P020,2025-04-14,Defective,30.3
R001145,OI0014258,O008843,P114,2025-03-27,Damaged,27.37
R001146,OI0014265,O008849,P069,2025-11-27,Damaged,24.0
R001147,OI0014267,O008850,P069,2025-07-14,Not as described,24.0
R001148,OI0014286,O008863,P071,2025-08-21,Defective,141.44
R001149,OI0014293,O008868,P002,2025-01-15,Not as described,30.14
R001150,OI0014306,O008875,P117,2025-10-11,Wrong size,27.82
R001151,OI0014319,O008882,P069,2025-08-21,Arrived late,24.0
R001152,OI0014336,O008892,P043,2025-03-22,Not as described,23.06
R001153,OI0014347,O008899,P106,2025-09-16,Damaged,47.23
R001154,OI0014373,O008914,P011,2025-07-11,Wrong size,39.95
R001155,OI0014390,O008923,P068,2025-07-16,Wrong size,29.23
R001156,OI0014393,O008926,P017,2025-05-25,Defective,18.94
R001157,OI0014403,O008932,P021,2025-08-24,Changed mind,51.23
R001158,OI0014444,O008954,P052,2025-03-29,Changed mind,44.73
R001159,OI0014452,O008958,P024,2025-09-22,Arrived late,168.98
R001160,OI0014465,O008964,P017,2025-04-09,Wrong size,18.94
R001161,OI0014467,O008964,P114,2025-04-14,Wrong size,27.37
R001162,OI0014469,O008965,P087,2025-11-22,Defective,29.25
R001163,OI0014473,O008966,P022,2025-05-31,Not as described,43.57
R001164,OI0014486,O008975,P017,2025-10-14,Not as described,18.94
R001165,OI0014487,O008976,P044,2025-05-16,Wrong size,63.71
R001166,OI0014494,O008979,P014,2025-11-21,Arrived late,308.31
R001167,OI0014503,O008984,P017,2025-01-26,Damaged,18.94
R001168,OI0014507,O008985,P091,2025-11-14,Defective,37.89
R001169,OI0014528,O008997,P028,2026-01-03,Damaged,129.35
R001170,OI0014530,O008998,P104,2025-12-22,Wrong size,44.1
R001171,OI0014536,O009003,P006,2025-05-30,Wrong size,132.21
R001172,OI0014545,O009008,P047,2025-09-29,Not as described,23.25
R001173,OI0014561,O009022,P062,2025-09-01,Wrong size,53.16
R001174,OI0014571,O009026,P018,2025-07-23,Wrong size,12.14
R001175,OI0014581,O009032,P038,2025-09-05,Wrong size,129.6
R001176,OI0014584,O009033,P027,2025-07-15,Changed mind,12.05
R001177,OI0014599,O009040,P037,2025-07-05,Arrived late,100.74
R001178,OI0014604,O009044,P013,2025-04-10,Changed mind,12.37
R001179,OI0014637,O009066,P011,2025-10-22,Damaged,39.95
R001180,OI0014657,O009078,P019,2025-07-04,Changed mind,13.12
R001181,OI0014663,O009082,P103,2025-04-13,Not as described,65.04
R001182,OI0014689,O009098,P046,2025-08-15,Wrong size,38.99
R001183,OI0014708,O009106,P038,2025-10-15,Wrong size,64.8
R001184,OI0014718,O009113,P088,2025-11-17,Not as described,28.36
R001185,OI0014720,O009113,P001,2025-11-17,Damaged,66.04
R001186,OI0014729,O009118,P011,2025-07-11,Wrong size,39.95
R001187,OI0014737,O009125,P117,2025-08-24,Wrong size,27.82
R001188,OI0014747,O009133,P054,2025-09-03,Changed mind,53.62
R001189,OI0014773,O009148,P104,2025-09-19,Not as described,88.2
R001190,OI0014794,O009159,P070,2025-10-25,Damaged,95.04
R001191,OI0014798,O009161,P065,2025-11-21,Arrived late,41.82
R001192,OI0014800,O009163,P104,2025-04-28,Wrong size,44.1
R001193,OI0014804,O009164,P017,2025-03-11,Damaged,18.94
R001194,OI0014806,O009164,P097,2025-03-03,Wrong size,20.46
R001195,OI0014819,O009174,P090,2025-03-21,Damaged,55.52
R001196,OI0014842,O009190,P108,2025-12-24,Arrived late,68.64
R001197,OI0014853,O009195,P052,2025-08-03,Arrived late,44.73
R001198,OI0014869,O009207,P063,2025-10-12,Damaged,86.1
R001199,OI0014870,O009208,P083,2025-10-05,Arrived late,30.7
R001200,OI0014878,O009214,P107,2025-12-25,Wrong size,105.74
R001201,OI0014954,O009259,P055,2025-09-14,Wrong size,69.18
R001202,OI0014968,O009266,P003,2025-05-13,Defective,36.05
R001203,OI0014978,O009270,P088,2025-07-19,Not as described,28.36
R001204,OI0014986,O009275,P071,2025-04-05,Changed mind,141.44
R001205,OI0015010,O009293,P057,2025-12-19,Arrived late,112.54
R001206,OI0015013,O009295,P037,2025-11-08,Not as described,33.58
R001207,OI0015021,O009300,P045,2025-05-24,Defective,30.38
R001208,OI0015040,O009312,P100,2025-08-04,Not as described,26.88
R001209,OI0015051,O009318,P026,2025-06-01,Arrived late,27.66
R001210,OI0015054,O009321,P106,2025-10-13,Wrong size,47.23
R001211,OI0015066,O009331,P095,2025-02-25,Wrong size,138.1
R001212,OI0015079,O009338,P008,2025-01-22,Changed mind,46.52
R001213,OI0015097,O009350,P096,2025-09-04,Wrong size,86.58
R001214,OI0015126,O009366,P015,2025-01-19,Defective,31.17
R001215,OI0015127,O009367,P089,2025-02-21,Wrong size,26.52
R001216,OI0015130,O009369,P120,2025-11-17,Changed mind,46.49
R001217,OI0015137,O009374,P047,2025-06-01,Wrong size,23.25
R001218,OI0015140,O009375,P096,2025-01-28,Damaged,173.16
R001219,OI0015158,O009388,P074,2025-12-10,Wrong size,65.8
R001220,OI0015185,O009404,P045,2025-08-04,Changed mind,30.38
R001221,OI0015195,O009409,P051,2025-11-15,Changed mind,11.22
R001222,OI0015198,O009410,P099,2025-04-08,Changed mind,46.77
R001223,OI0015201,O009411,P115,2025-04-14,Wrong size,42.04
R001224,OI0015212,O009417,P107,2025-08-11,Not as described,52.87
R001225,OI0015238,O009433,P063,2025-11-19,Changed mind,28.7
R001226,OI0015257,O009445,P043,2025-02-28,Arrived late,23.06
R001227,OI0015262,O009449,P097,2025-06-14,Damaged,20.46
R001228,OI0015288,O009464,P068,2025-05-03,Wrong size,29.23
R001229,OI0015296,O009469,P017,2025-02-08,Changed mind,18.94
R001230,OI0015306,O009477,P018,2025-10-01,Not as described,36.42
R001231,OI0015315,O009481,P091,2025-04-14,Damaged,37.89
R001232,OI0015323,O009487,P093,2025-05-16,Arrived late,45.3
R001233,OI0015361,O009506,P045,2025-02-21,Wrong size,30.38
R001234,OI0015363,O009508,P051,2025-08-16,Changed mind,11.22
R001235,OI0015377,O009517,P101,2025-10-18,Wrong size,43.91
R001236,OI0015385,O009522,P025,2025-11-19,Wrong size,37.52
R001237,OI0015396,O009530,P096,2025-11-23,Not as described,86.58
R001238,OI0015421,O009544,P106,2025-10-12,Wrong size,47.23
R001239,OI0015424,O009546,P114,2025-06-27,Arrived late,54.74
R001240,OI0015429,O009550,P011,2025-07-19,Damaged,79.9
R001241,OI0015440,O009558,P012,2025-03-16,Not as described,51.32
R001242,OI0015451,O009567,P088,2025-12-01,Damaged,28.36
R001243,OI0015460,O009571,P085,2025-01-27,Wrong size,11.15
R001244,OI0015463,O009573,P057,2025-06-16,Changed mind,112.54
R001245,OI0015465,O009574,P115,2025-08-18,Wrong size,42.04
R001246,OI0015492,O009589,P085,2025-04-10,Changed mind,22.3
R001247,OI0015514,O009605,P001,2025-11-16,Wrong size,66.04
R001248,OI0015515,O009605,P041,2025-11-19,Changed mind,51.72
R001249,OI0015516,O009606,P025,2026-01-06,Wrong size,37.52
R001250,OI0015522,O009610,P021,2025-06-25,Changed mind,51.23
R001251,OI0015527,O009613,P101,2025-12-16,Defective,43.91
R001252,OI0015530,O009615,P004,2025-08-08,Damaged,66.5
R001253,OI0015537,O009619,P024,2025-05-05,Wrong size,84.49
R001254,OI0015540,O009621,P015,2025-02-01,Wrong size,31.17
R001255,OI0015543,O009623,P061,2025-08-05,Defective,33.13
R001256,OI0015552,O009630,P028,2026-01-19,Damaged,129.35
R001257,OI0015570,O009639,P052,2025-05-28,Changed mind,44.73
R001258,OI0015583,O009646,P090,2025-12-25,Defective,55.52
R001259,OI0015602,O009656,P075,2025-10-25,Changed mind,44.36
R001260,OI0015623,O009670,P088,2025-05-22,Damaged,28.36
R001261,OI0015652,O009692,P037,2025-07-20,Arrived late,33.58
R001262,OI0015653,O009692,P086,2025-07-24,Wrong size,80.82
R001263,OI0015656,O009694,P026,2025-03-11,Defective,82.98
R001264,OI0015663,O009699,P038,2025-03-02,Wrong size,64.8
R001265,OI0015690,O009717,P094,2025-12-13,Wrong size,17.7
R001266,OI0015696,O009720,P118,2025-12-30,Wrong size,22.9
R001267,OI0015731,O009740,P011,2025-12-08,Defective,39.95
R001268,OI0015765,O009758,P111,2025-10-30,Wrong size,29.11
R001269,OI0015770,O009761,P043,2025-04-15,Arrived late,23.06
R001270,OI0015774,O009763,P012,2025-03-14,Not as described,51.32
R001271,OI0015784,O009768,P087,2025-01-30,Changed mind,29.25
R001272,OI0015788,O009772,P086,2025-03-18,Arrived late,80.82
R001273,OI0015811,O009784,P030,2025-09-07,Not as described,57.05
R001274,OI0015827,O009797,P059,2025-06-29,Damaged,137.14
R001275,OI0015834,O009803,P008,2025-07-24,Damaged,46.52
R001276,OI0015840,O009806,P017,2025-02-28,Arrived late,37.88
R001277,OI0015862,O009822,P016,2025-11-09,Wrong size,59.7
R001278,OI0015871,O009829,P097,2025-07-05,Arrived late,20.46
R001279,OI0015887,O009839,P034,2025-02-17,Damaged,35.52
R001280,OI0015907,O009850,P082,2025-11-11,Changed mind,34.81
R001281,OI0015954,O009876,P067,2025-04-17,Changed mind,46.95
R001282,OI0015962,O009881,P106,2025-09-26,Changed mind,47.23
R001283,OI0015970,O009887,P004,2025-03-04,Wrong size,66.5
R001284,OI0015997,O009904,P043,2025-06-11,Wrong size,46.12
R001285,OI0016018,O009918,P052,2025-04-22,Wrong size,44.73
R001286,OI0016020,O009919,P010,2025-10-06,Not as described,133.77
R001287,OI0016033,O009927,P074,2026-01-17,Not as described,32.9
R001288,OI0016056,O009938,P116,2025-07-23,Damaged,38.35
R001289,OI0016125,O009977,P096,2025-02-11,Wrong size,86.58
R001290,OI0016134,O009982,P009,2025-07-18,Changed mind,37.92
R001291,OI0016151,O009995,P073,2025-05-06,Damaged,91.94
R001292,OI0016161,O009999,P017,2025-12-25,Defective,18.94
